<mesh>
    <submeshes>
        <submesh material="dyson_sphere_empty_module_0" usesharedvertices="false" use32bitindexes="false" operationtype="triangle_list">
            <faces count="53">
                <face v1="0" v2="1" v3="2"/>
                <face v1="3" v2="4" v3="1"/>
                <face v1="5" v2="4" v3="6"/>
                <face v1="7" v2="8" v3="5"/>
                <face v1="0" v2="9" v3="7"/>
                <face v1="10" v2="11" v3="12"/>
                <face v1="13" v2="14" v3="15"/>
                <face v1="16" v2="17" v3="18"/>
                <face v1="19" v2="20" v3="21"/>
                <face v1="22" v2="23" v3="24"/>
                <face v1="25" v2="26" v3="27"/>
                <face v1="28" v2="29" v3="30"/>
                <face v1="31" v2="32" v3="33"/>
                <face v1="34" v2="35" v3="36"/>
                <face v1="37" v2="38" v3="39"/>
                <face v1="40" v2="41" v3="42"/>
                <face v1="43" v2="44" v3="45"/>
                <face v1="46" v2="47" v3="43"/>
                <face v1="46" v2="48" v3="49"/>
                <face v1="50" v2="51" v3="48"/>
                <face v1="45" v2="51" v3="52"/>
                <face v1="53" v2="54" v3="55"/>
                <face v1="56" v2="57" v3="58"/>
                <face v1="59" v2="60" v3="61"/>
                <face v1="62" v2="63" v3="64"/>
                <face v1="65" v2="66" v3="67"/>
                <face v1="0" v2="3" v3="1"/>
                <face v1="3" v2="6" v3="4"/>
                <face v1="5" v2="8" v3="4"/>
                <face v1="7" v2="9" v3="8"/>
                <face v1="0" v2="2" v3="9"/>
                <face v1="68" v2="69" v3="70"/>
                <face v1="71" v2="72" v3="73"/>
                <face v1="74" v2="75" v3="76"/>
                <face v1="19" v2="77" v3="20"/>
                <face v1="78" v2="79" v3="80"/>
                <face v1="81" v2="82" v3="83"/>
                <face v1="84" v2="85" v3="86"/>
                <face v1="87" v2="88" v3="89"/>
                <face v1="90" v2="91" v3="92"/>
                <face v1="34" v2="93" v3="35"/>
                <face v1="94" v2="95" v3="96"/>
                <face v1="97" v2="98" v3="99"/>
                <face v1="43" v2="47" v3="44"/>
                <face v1="46" v2="49" v3="47"/>
                <face v1="46" v2="50" v3="48"/>
                <face v1="50" v2="52" v3="51"/>
                <face v1="45" v2="44" v3="51"/>
                <face v1="100" v2="101" v3="102"/>
                <face v1="103" v2="104" v3="105"/>
                <face v1="59" v2="106" v3="60"/>
                <face v1="107" v2="108" v3="109"/>
                <face v1="110" v2="111" v3="112"/>
            </faces>

            <geometry vertexcount="113">
                <vertexbuffer positions="true" normals="true" texture_coord_dimensions_0="float2" tangents="false" binormals="false" texture_coords="1">
            <vertex>
                <position x="-0.001681" y="0.922613" z="-0.352130"/>
                <normal x="0.000000" y="0.525712" z="-0.850642"/>
                <texcoord u="0.500000" v="0.383860"/>
            </vertex>
            <vertex>
                <position x="0.399445" y="0.527567" z="-0.596282"/>
                <normal x="0.475845" y="0.586718" z="-0.655232"/>
                <texcoord u="0.625000" v="0.304087"/>
            </vertex>
            <vertex>
                <position x="-0.001681" y="0.775476" z="-0.443065"/>
                <normal x="0.000000" y="0.880795" z="-0.473464"/>
                <texcoord u="0.500000" v="0.383860"/>
            </vertex>
            <vertex>
                <position x="0.563948" y="0.573034" z="-0.568181"/>
                <normal x="0.000000" y="0.525712" z="-0.850642"/>
                <texcoord u="0.625000" v="0.304087"/>
            </vertex>
            <vertex>
                <position x="0.246228" y="0.126441" z="-0.844191"/>
                <normal x="0.294107" y="0.110813" z="-0.949309"/>
                <texcoord u="0.750000" v="0.116140"/>
            </vertex>
            <vertex>
                <position x="-0.351260" y="0.007404" z="-0.917759"/>
                <normal x="0.000000" y="0.525712" z="-0.850642"/>
                <texcoord u="0.250000" v="0.116140"/>
            </vertex>
            <vertex>
                <position x="0.347897" y="0.007404" z="-0.917759"/>
                <normal x="0.000000" y="0.525712" z="-0.850642"/>
                <texcoord u="0.750000" v="0.116140"/>
            </vertex>
            <vertex>
                <position x="-0.567311" y="0.573034" z="-0.568181"/>
                <normal x="0.000000" y="0.525712" z="-0.850642"/>
                <texcoord u="0.375000" v="0.304087"/>
            </vertex>
            <vertex>
                <position x="-0.249591" y="0.126441" z="-0.844191"/>
                <normal x="-0.294107" y="0.110813" z="-0.949309"/>
                <texcoord u="0.250000" v="0.116140"/>
            </vertex>
            <vertex>
                <position x="-0.402807" y="0.527567" z="-0.596282"/>
                <normal x="-0.475845" y="0.586718" z="-0.655232"/>
                <texcoord u="0.375000" v="0.304087"/>
            </vertex>
            <vertex>
                <position x="-0.001681" y="0.775477" z="-0.458280"/>
                <normal x="-0.415619" y="0.858370" z="-0.300769"/>
                <texcoord u="0.500000" v="0.381671"/>
            </vertex>
            <vertex>
                <position x="-0.402807" y="0.530969" z="-0.601787"/>
                <normal x="-0.415619" y="0.858370" z="-0.300769"/>
                <texcoord u="0.375000" v="0.304087"/>
            </vertex>
            <vertex>
                <position x="-0.001681" y="0.778879" z="-0.448571"/>
                <normal x="-0.415619" y="0.858370" z="-0.300769"/>
                <texcoord u="0.500000" v="0.383860"/>
            </vertex>
            <vertex>
                <position x="-0.001681" y="0.778879" z="-0.448571"/>
                <normal x="0.415618" y="0.858370" z="-0.300770"/>
                <texcoord u="0.500000" v="0.383860"/>
            </vertex>
            <vertex>
                <position x="0.391838" y="0.532269" z="-0.608591"/>
                <normal x="0.415618" y="0.858370" z="-0.300770"/>
                <texcoord u="0.623535" v="0.303102"/>
            </vertex>
            <vertex>
                <position x="-0.001681" y="0.775477" z="-0.458280"/>
                <normal x="0.415618" y="0.858370" z="-0.300770"/>
                <texcoord u="0.500000" v="0.381671"/>
            </vertex>
            <vertex>
                <position x="0.399445" y="0.530969" z="-0.601787"/>
                <normal x="0.672514" y="0.185860" z="-0.716366"/>
                <texcoord u="0.625000" v="0.304087"/>
            </vertex>
            <vertex>
                <position x="0.241527" y="0.138750" z="-0.851799"/>
                <normal x="0.672514" y="0.185860" z="-0.716366"/>
                <texcoord u="0.746164" v="0.118719"/>
            </vertex>
            <vertex>
                <position x="0.391838" y="0.532269" z="-0.608591"/>
                <normal x="0.672514" y="0.185860" z="-0.716366"/>
                <texcoord u="0.623535" v="0.303102"/>
            </vertex>
            <vertex>
                <position x="0.246228" y="0.129843" z="-0.849697"/>
                <normal x="0.000000" y="-0.229687" z="-0.973265"/>
                <texcoord u="0.750000" v="0.116140"/>
            </vertex>
            <vertex>
                <position x="-0.244890" y="0.138750" z="-0.851799"/>
                <normal x="0.000000" y="-0.229687" z="-0.973265"/>
                <texcoord u="0.258576" v="0.118719"/>
            </vertex>
            <vertex>
                <position x="0.241527" y="0.138750" z="-0.851799"/>
                <normal x="0.000000" y="-0.229687" z="-0.973265"/>
                <texcoord u="0.746164" v="0.118719"/>
            </vertex>
            <vertex>
                <position x="-0.244890" y="0.138750" z="-0.851799"/>
                <normal x="-0.672563" y="0.185820" z="-0.716331"/>
                <texcoord u="0.258576" v="0.118719"/>
            </vertex>
            <vertex>
                <position x="-0.402807" y="0.530969" z="-0.601787"/>
                <normal x="-0.672563" y="0.185820" z="-0.716331"/>
                <texcoord u="0.375000" v="0.304087"/>
            </vertex>
            <vertex>
                <position x="-0.395201" y="0.532269" z="-0.608591"/>
                <normal x="-0.672563" y="0.185820" z="-0.716331"/>
                <texcoord u="0.378276" v="0.303102"/>
            </vertex>
            <vertex>
                <position x="0.122031" y="0.259414" z="-0.734194"/>
                <normal x="-0.000000" y="0.525732" z="-0.850651"/>
                <texcoord u="0.746164" v="0.118719"/>
            </vertex>
            <vertex>
                <position x="-0.125394" y="0.259414" z="-0.734194"/>
                <normal x="-0.000000" y="0.525732" z="-0.850651"/>
                <texcoord u="0.258576" v="0.118719"/>
            </vertex>
            <vertex>
                <position x="-0.201852" y="0.459584" z="-0.610482"/>
                <normal x="-0.000000" y="0.525732" z="-0.850651"/>
                <texcoord u="0.378276" v="0.303102"/>
            </vertex>
            <vertex>
                <position x="0.399445" y="0.527567" z="-0.596282"/>
                <normal x="0.587785" y="0.688185" z="0.425335"/>
                <texcoord u="0.625000" v="0.304087"/>
            </vertex>
            <vertex>
                <position x="-0.001681" y="0.778879" z="-0.448571"/>
                <normal x="0.587785" y="0.688185" z="0.425335"/>
                <texcoord u="0.500000" v="0.383860"/>
            </vertex>
            <vertex>
                <position x="-0.001681" y="0.775476" z="-0.443065"/>
                <normal x="0.587785" y="0.688185" z="0.425335"/>
                <texcoord u="0.500000" v="0.383860"/>
            </vertex>
            <vertex>
                <position x="0.246228" y="0.126441" z="-0.844191"/>
                <normal x="0.951056" y="-0.262872" z="-0.162451"/>
                <texcoord u="0.750000" v="0.116140"/>
            </vertex>
            <vertex>
                <position x="0.399445" y="0.530969" z="-0.601787"/>
                <normal x="0.951056" y="-0.262872" z="-0.162451"/>
                <texcoord u="0.625000" v="0.304087"/>
            </vertex>
            <vertex>
                <position x="0.399445" y="0.527567" z="-0.596282"/>
                <normal x="0.951056" y="-0.262872" z="-0.162451"/>
                <texcoord u="0.625000" v="0.304087"/>
            </vertex>
            <vertex>
                <position x="-0.249591" y="0.126441" z="-0.844191"/>
                <normal x="0.000000" y="-0.850712" z="-0.525632"/>
                <texcoord u="0.250000" v="0.116140"/>
            </vertex>
            <vertex>
                <position x="0.246228" y="0.129843" z="-0.849697"/>
                <normal x="0.000000" y="-0.850712" z="-0.525632"/>
                <texcoord u="0.750000" v="0.116140"/>
            </vertex>
            <vertex>
                <position x="0.246228" y="0.126441" z="-0.844191"/>
                <normal x="0.000000" y="-0.850712" z="-0.525632"/>
                <texcoord u="0.750000" v="0.116140"/>
            </vertex>
            <vertex>
                <position x="-0.249591" y="0.126441" z="-0.844191"/>
                <normal x="-0.951057" y="-0.262883" z="-0.162428"/>
                <texcoord u="0.250000" v="0.116140"/>
            </vertex>
            <vertex>
                <position x="-0.402807" y="0.530969" z="-0.601787"/>
                <normal x="-0.951057" y="-0.262883" z="-0.162428"/>
                <texcoord u="0.375000" v="0.304087"/>
            </vertex>
            <vertex>
                <position x="-0.249591" y="0.129843" z="-0.849697"/>
                <normal x="-0.951057" y="-0.262883" z="-0.162428"/>
                <texcoord u="0.250000" v="0.116140"/>
            </vertex>
            <vertex>
                <position x="-0.001681" y="0.775476" z="-0.443065"/>
                <normal x="-0.587785" y="0.688206" z="0.425302"/>
                <texcoord u="0.500000" v="0.383860"/>
            </vertex>
            <vertex>
                <position x="-0.402807" y="0.530969" z="-0.601787"/>
                <normal x="-0.587785" y="0.688206" z="0.425302"/>
                <texcoord u="0.375000" v="0.304087"/>
            </vertex>
            <vertex>
                <position x="-0.402807" y="0.527567" z="-0.596282"/>
                <normal x="-0.587785" y="0.688206" z="0.425302"/>
                <texcoord u="0.375000" v="0.304087"/>
            </vertex>
            <vertex>
                <position x="0.391838" y="0.532269" z="-0.608591"/>
                <normal x="0.418348" y="0.587756" z="-0.692434"/>
                <texcoord u="0.623535" v="0.303102"/>
            </vertex>
            <vertex>
                <position x="-0.001681" y="0.611222" z="-0.559795"/>
                <normal x="0.000000" y="0.135228" z="-0.990783"/>
                <texcoord u="0.500000" v="0.381671"/>
            </vertex>
            <vertex>
                <position x="-0.001681" y="0.775477" z="-0.458280"/>
                <normal x="0.000000" y="0.846309" z="-0.532670"/>
                <texcoord u="0.500000" v="0.381671"/>
            </vertex>
            <vertex>
                <position x="0.241527" y="0.138750" z="-0.851799"/>
                <normal x="0.258553" y="0.169408" z="-0.951018"/>
                <texcoord u="0.746164" v="0.118719"/>
            </vertex>
            <vertex>
                <position x="0.208195" y="0.481511" z="-0.639961"/>
                <normal x="-0.385968" y="0.373791" z="-0.843349"/>
                <texcoord u="0.623535" v="0.303102"/>
            </vertex>
            <vertex>
                <position x="-0.131392" y="0.271634" z="-0.769672"/>
                <normal x="0.238533" y="0.759789" z="-0.604816"/>
                <texcoord u="0.258576" v="0.118719"/>
            </vertex>
            <vertex>
                <position x="0.128030" y="0.271634" z="-0.769672"/>
                <normal x="-0.238533" y="0.759758" z="-0.604816"/>
                <texcoord u="0.746164" v="0.118719"/>
            </vertex>
            <vertex>
                <position x="-0.244890" y="0.138750" z="-0.851799"/>
                <normal x="-0.258553" y="0.169408" z="-0.950987"/>
                <texcoord u="0.258576" v="0.118719"/>
            </vertex>
            <vertex>
                <position x="-0.211558" y="0.481511" z="-0.639961"/>
                <normal x="0.385968" y="0.373791" z="-0.843349"/>
                <texcoord u="0.378276" v="0.303102"/>
            </vertex>
            <vertex>
                <position x="-0.395201" y="0.532269" z="-0.608591"/>
                <normal x="-0.418378" y="0.587756" z="-0.692404"/>
                <texcoord u="0.378276" v="0.303102"/>
            </vertex>
            <vertex>
                <position x="0.208195" y="0.481511" z="-0.639961"/>
                <normal x="-0.573381" y="-0.555640" z="-0.602079"/>
                <texcoord u="0.623535" v="0.303102"/>
            </vertex>
            <vertex>
                <position x="-0.001681" y="0.583296" z="-0.534023"/>
                <normal x="-0.573381" y="-0.555640" z="-0.602079"/>
                <texcoord u="0.500000" v="0.381671"/>
            </vertex>
            <vertex>
                <position x="-0.001681" y="0.611222" z="-0.559795"/>
                <normal x="-0.573381" y="-0.555640" z="-0.602079"/>
                <texcoord u="0.500000" v="0.381671"/>
            </vertex>
            <vertex>
                <position x="0.128030" y="0.271634" z="-0.769672"/>
                <normal x="-0.927750" y="0.372097" z="-0.028691"/>
                <texcoord u="0.746164" v="0.118719"/>
            </vertex>
            <vertex>
                <position x="0.198489" y="0.459584" z="-0.610482"/>
                <normal x="-0.927750" y="0.372097" z="-0.028691"/>
                <texcoord u="0.623535" v="0.303102"/>
            </vertex>
            <vertex>
                <position x="0.208195" y="0.481511" z="-0.639961"/>
                <normal x="-0.927750" y="0.372097" z="-0.028691"/>
                <texcoord u="0.623535" v="0.303102"/>
            </vertex>
            <vertex>
                <position x="-0.131392" y="0.271634" z="-0.769672"/>
                <normal x="0.000000" y="0.945486" z="0.325663"/>
                <texcoord u="0.258576" v="0.118719"/>
            </vertex>
            <vertex>
                <position x="0.122031" y="0.259414" z="-0.734194"/>
                <normal x="0.000000" y="0.945486" z="0.325663"/>
                <texcoord u="0.746164" v="0.118719"/>
            </vertex>
            <vertex>
                <position x="0.128030" y="0.271634" z="-0.769672"/>
                <normal x="0.000000" y="0.945486" z="0.325663"/>
                <texcoord u="0.746164" v="0.118719"/>
            </vertex>
            <vertex>
                <position x="-0.211558" y="0.481511" z="-0.639961"/>
                <normal x="0.927751" y="0.372097" z="-0.028683"/>
                <texcoord u="0.378276" v="0.303102"/>
            </vertex>
            <vertex>
                <position x="-0.125394" y="0.259414" z="-0.734194"/>
                <normal x="0.927751" y="0.372097" z="-0.028683"/>
                <texcoord u="0.258576" v="0.118719"/>
            </vertex>
            <vertex>
                <position x="-0.131392" y="0.271634" z="-0.769672"/>
                <normal x="0.927751" y="0.372097" z="-0.028683"/>
                <texcoord u="0.258576" v="0.118719"/>
            </vertex>
            <vertex>
                <position x="-0.211558" y="0.481511" z="-0.639961"/>
                <normal x="0.573379" y="-0.555640" z="-0.602080"/>
                <texcoord u="0.378276" v="0.303102"/>
            </vertex>
            <vertex>
                <position x="-0.001681" y="0.583296" z="-0.534023"/>
                <normal x="0.573379" y="-0.555640" z="-0.602080"/>
                <texcoord u="0.500000" v="0.381671"/>
            </vertex>
            <vertex>
                <position x="-0.201852" y="0.459584" z="-0.610482"/>
                <normal x="0.573379" y="-0.555640" z="-0.602080"/>
                <texcoord u="0.378276" v="0.303102"/>
            </vertex>
            <vertex>
                <position x="-0.001681" y="0.775477" z="-0.458280"/>
                <normal x="-0.415668" y="0.858385" z="-0.300658"/>
                <texcoord u="0.500000" v="0.381671"/>
            </vertex>
            <vertex>
                <position x="-0.395201" y="0.532269" z="-0.608591"/>
                <normal x="-0.415668" y="0.858385" z="-0.300658"/>
                <texcoord u="0.378276" v="0.303102"/>
            </vertex>
            <vertex>
                <position x="-0.402807" y="0.530969" z="-0.601787"/>
                <normal x="-0.415668" y="0.858385" z="-0.300658"/>
                <texcoord u="0.375000" v="0.304087"/>
            </vertex>
            <vertex>
                <position x="-0.001681" y="0.778879" z="-0.448571"/>
                <normal x="0.415651" y="0.858378" z="-0.300700"/>
                <texcoord u="0.500000" v="0.383860"/>
            </vertex>
            <vertex>
                <position x="0.399445" y="0.530969" z="-0.601787"/>
                <normal x="0.415651" y="0.858378" z="-0.300700"/>
                <texcoord u="0.625000" v="0.304087"/>
            </vertex>
            <vertex>
                <position x="0.391838" y="0.532269" z="-0.608591"/>
                <normal x="0.415651" y="0.858378" z="-0.300700"/>
                <texcoord u="0.623535" v="0.303102"/>
            </vertex>
            <vertex>
                <position x="0.399445" y="0.530969" z="-0.601787"/>
                <normal x="0.672499" y="0.185873" z="-0.716377"/>
                <texcoord u="0.625000" v="0.304087"/>
            </vertex>
            <vertex>
                <position x="0.246228" y="0.129843" z="-0.849697"/>
                <normal x="0.672499" y="0.185873" z="-0.716377"/>
                <texcoord u="0.750000" v="0.116140"/>
            </vertex>
            <vertex>
                <position x="0.241527" y="0.138750" z="-0.851799"/>
                <normal x="0.672499" y="0.185873" z="-0.716377"/>
                <texcoord u="0.746164" v="0.118719"/>
            </vertex>
            <vertex>
                <position x="-0.249591" y="0.129843" z="-0.849697"/>
                <normal x="0.000000" y="-0.229687" z="-0.973265"/>
                <texcoord u="0.250000" v="0.116140"/>
            </vertex>
            <vertex>
                <position x="-0.244890" y="0.138750" z="-0.851799"/>
                <normal x="-0.672500" y="0.185874" z="-0.716376"/>
                <texcoord u="0.258576" v="0.118719"/>
            </vertex>
            <vertex>
                <position x="-0.249591" y="0.129843" z="-0.849697"/>
                <normal x="-0.672500" y="0.185874" z="-0.716376"/>
                <texcoord u="0.250000" v="0.116140"/>
            </vertex>
            <vertex>
                <position x="-0.402807" y="0.530969" z="-0.601787"/>
                <normal x="-0.672500" y="0.185874" z="-0.716376"/>
                <texcoord u="0.375000" v="0.304087"/>
            </vertex>
            <vertex>
                <position x="-0.201852" y="0.459584" z="-0.610482"/>
                <normal x="0.000000" y="0.525735" z="-0.850648"/>
                <texcoord u="0.378276" v="0.303102"/>
            </vertex>
            <vertex>
                <position x="-0.001681" y="0.583296" z="-0.534023"/>
                <normal x="0.000000" y="0.525735" z="-0.850648"/>
                <texcoord u="0.500000" v="0.381671"/>
            </vertex>
            <vertex>
                <position x="0.198489" y="0.459584" z="-0.610482"/>
                <normal x="0.000000" y="0.525735" z="-0.850648"/>
                <texcoord u="0.623535" v="0.303102"/>
            </vertex>
            <vertex>
                <position x="0.198489" y="0.459584" z="-0.610482"/>
                <normal x="0.000000" y="0.525732" z="-0.850651"/>
                <texcoord u="0.623535" v="0.303102"/>
            </vertex>
            <vertex>
                <position x="0.122031" y="0.259414" z="-0.734194"/>
                <normal x="0.000000" y="0.525732" z="-0.850651"/>
                <texcoord u="0.746164" v="0.118719"/>
            </vertex>
            <vertex>
                <position x="-0.201852" y="0.459584" z="-0.610482"/>
                <normal x="0.000000" y="0.525732" z="-0.850651"/>
                <texcoord u="0.378276" v="0.303102"/>
            </vertex>
            <vertex>
                <position x="0.399445" y="0.527567" z="-0.596282"/>
                <normal x="0.587785" y="0.688205" z="0.425302"/>
                <texcoord u="0.625000" v="0.304087"/>
            </vertex>
            <vertex>
                <position x="0.399445" y="0.530969" z="-0.601787"/>
                <normal x="0.587785" y="0.688205" z="0.425302"/>
                <texcoord u="0.625000" v="0.304087"/>
            </vertex>
            <vertex>
                <position x="-0.001681" y="0.778879" z="-0.448571"/>
                <normal x="0.587785" y="0.688205" z="0.425302"/>
                <texcoord u="0.500000" v="0.383860"/>
            </vertex>
            <vertex>
                <position x="0.246228" y="0.126441" z="-0.844191"/>
                <normal x="0.951056" y="-0.262885" z="-0.162430"/>
                <texcoord u="0.750000" v="0.116140"/>
            </vertex>
            <vertex>
                <position x="0.246228" y="0.129843" z="-0.849697"/>
                <normal x="0.951056" y="-0.262885" z="-0.162430"/>
                <texcoord u="0.750000" v="0.116140"/>
            </vertex>
            <vertex>
                <position x="0.399445" y="0.530969" z="-0.601787"/>
                <normal x="0.951056" y="-0.262885" z="-0.162430"/>
                <texcoord u="0.625000" v="0.304087"/>
            </vertex>
            <vertex>
                <position x="-0.249591" y="0.129843" z="-0.849697"/>
                <normal x="0.000000" y="-0.850712" z="-0.525632"/>
                <texcoord u="0.250000" v="0.116140"/>
            </vertex>
            <vertex>
                <position x="-0.249591" y="0.126441" z="-0.844191"/>
                <normal x="-0.951057" y="-0.262870" z="-0.162450"/>
                <texcoord u="0.250000" v="0.116140"/>
            </vertex>
            <vertex>
                <position x="-0.402807" y="0.527567" z="-0.596282"/>
                <normal x="-0.951057" y="-0.262870" z="-0.162450"/>
                <texcoord u="0.375000" v="0.304087"/>
            </vertex>
            <vertex>
                <position x="-0.402807" y="0.530969" z="-0.601787"/>
                <normal x="-0.951057" y="-0.262870" z="-0.162450"/>
                <texcoord u="0.375000" v="0.304087"/>
            </vertex>
            <vertex>
                <position x="-0.001681" y="0.775476" z="-0.443065"/>
                <normal x="-0.587785" y="0.688185" z="0.425335"/>
                <texcoord u="0.500000" v="0.383860"/>
            </vertex>
            <vertex>
                <position x="-0.001681" y="0.778879" z="-0.448571"/>
                <normal x="-0.587785" y="0.688185" z="0.425335"/>
                <texcoord u="0.500000" v="0.383860"/>
            </vertex>
            <vertex>
                <position x="-0.402807" y="0.530969" z="-0.601787"/>
                <normal x="-0.587785" y="0.688185" z="0.425335"/>
                <texcoord u="0.375000" v="0.304087"/>
            </vertex>
            <vertex>
                <position x="0.208195" y="0.481511" z="-0.639961"/>
                <normal x="-0.573381" y="-0.555639" z="-0.602080"/>
                <texcoord u="0.623535" v="0.303102"/>
            </vertex>
            <vertex>
                <position x="0.198489" y="0.459584" z="-0.610482"/>
                <normal x="-0.573381" y="-0.555639" z="-0.602080"/>
                <texcoord u="0.623535" v="0.303102"/>
            </vertex>
            <vertex>
                <position x="-0.001681" y="0.583296" z="-0.534023"/>
                <normal x="-0.573381" y="-0.555639" z="-0.602080"/>
                <texcoord u="0.500000" v="0.381671"/>
            </vertex>
            <vertex>
                <position x="0.128030" y="0.271634" z="-0.769672"/>
                <normal x="-0.927746" y="0.372107" z="-0.028705"/>
                <texcoord u="0.746164" v="0.118719"/>
            </vertex>
            <vertex>
                <position x="0.122031" y="0.259414" z="-0.734194"/>
                <normal x="-0.927746" y="0.372107" z="-0.028705"/>
                <texcoord u="0.746164" v="0.118719"/>
            </vertex>
            <vertex>
                <position x="0.198489" y="0.459584" z="-0.610482"/>
                <normal x="-0.927746" y="0.372107" z="-0.028705"/>
                <texcoord u="0.623535" v="0.303102"/>
            </vertex>
            <vertex>
                <position x="-0.125394" y="0.259414" z="-0.734194"/>
                <normal x="0.000000" y="0.945486" z="0.325663"/>
                <texcoord u="0.258576" v="0.118719"/>
            </vertex>
            <vertex>
                <position x="-0.211558" y="0.481511" z="-0.639961"/>
                <normal x="0.927750" y="0.372099" z="-0.028689"/>
                <texcoord u="0.378276" v="0.303102"/>
            </vertex>
            <vertex>
                <position x="-0.201852" y="0.459584" z="-0.610482"/>
                <normal x="0.927750" y="0.372099" z="-0.028689"/>
                <texcoord u="0.378276" v="0.303102"/>
            </vertex>
            <vertex>
                <position x="-0.125394" y="0.259414" z="-0.734194"/>
                <normal x="0.927750" y="0.372099" z="-0.028689"/>
                <texcoord u="0.258576" v="0.118719"/>
            </vertex>
            <vertex>
                <position x="-0.211558" y="0.481511" z="-0.639961"/>
                <normal x="0.573379" y="-0.555640" z="-0.602080"/>
                <texcoord u="0.378276" v="0.303102"/>
            </vertex>
            <vertex>
                <position x="-0.001681" y="0.611222" z="-0.559795"/>
                <normal x="0.573379" y="-0.555640" z="-0.602080"/>
                <texcoord u="0.500000" v="0.381671"/>
            </vertex>
            <vertex>
                <position x="-0.001681" y="0.583296" z="-0.534023"/>
                <normal x="0.573379" y="-0.555640" z="-0.602080"/>
                <texcoord u="0.500000" v="0.381671"/>
            </vertex>

                </vertexbuffer>
            </geometry>
        </submesh>
    </submeshes>
    <submeshnames>
        <submeshname name="submesh0" index="0"/>
    </submeshnames>
</mesh>