<mesh>
    <submeshes>
        <submesh material="dyson_sphere_frame" usesharedvertices="false" use32bitindexes="false" operationtype="triangle_list">
            <faces count="440">
                <face v1="0" v2="1" v3="2"/>
                <face v1="2" v2="1" v3="3"/>
                <face v1="1" v2="4" v3="3"/>
                <face v1="3" v2="4" v3="5"/>
                <face v1="4" v2="6" v3="5"/>
                <face v1="5" v2="6" v3="7"/>
                <face v1="6" v2="8" v3="7"/>
                <face v1="7" v2="8" v3="9"/>
                <face v1="8" v2="0" v3="9"/>
                <face v1="9" v2="0" v3="2"/>
                <face v1="10" v2="11" v3="12"/>
                <face v1="12" v2="11" v3="13"/>
                <face v1="11" v2="4" v3="13"/>
                <face v1="13" v2="4" v3="14"/>
                <face v1="4" v2="1" v3="14"/>
                <face v1="14" v2="1" v3="15"/>
                <face v1="1" v2="16" v3="15"/>
                <face v1="15" v2="16" v3="17"/>
                <face v1="16" v2="10" v3="17"/>
                <face v1="17" v2="10" v3="12"/>
                <face v1="18" v2="16" v3="19"/>
                <face v1="19" v2="16" v3="20"/>
                <face v1="16" v2="1" v3="20"/>
                <face v1="20" v2="1" v3="21"/>
                <face v1="1" v2="22" v3="21"/>
                <face v1="21" v2="22" v3="23"/>
                <face v1="22" v2="24" v3="23"/>
                <face v1="23" v2="24" v3="25"/>
                <face v1="24" v2="18" v3="25"/>
                <face v1="25" v2="18" v3="19"/>
                <face v1="26" v2="27" v3="28"/>
                <face v1="28" v2="27" v3="29"/>
                <face v1="27" v2="24" v3="29"/>
                <face v1="29" v2="24" v3="30"/>
                <face v1="24" v2="22" v3="30"/>
                <face v1="30" v2="22" v3="31"/>
                <face v1="22" v2="32" v3="31"/>
                <face v1="31" v2="32" v3="33"/>
                <face v1="32" v2="26" v3="33"/>
                <face v1="33" v2="26" v3="28"/>
                <face v1="34" v2="35" v3="36"/>
                <face v1="36" v2="35" v3="37"/>
                <face v1="35" v2="38" v3="37"/>
                <face v1="37" v2="38" v3="39"/>
                <face v1="38" v2="40" v3="39"/>
                <face v1="39" v2="40" v3="41"/>
                <face v1="40" v2="42" v3="41"/>
                <face v1="41" v2="42" v3="43"/>
                <face v1="42" v2="34" v3="43"/>
                <face v1="43" v2="34" v3="36"/>
                <face v1="44" v2="34" v3="45"/>
                <face v1="45" v2="34" v3="46"/>
                <face v1="34" v2="47" v3="46"/>
                <face v1="46" v2="47" v3="48"/>
                <face v1="47" v2="49" v3="48"/>
                <face v1="48" v2="49" v3="50"/>
                <face v1="49" v2="51" v3="50"/>
                <face v1="50" v2="51" v3="52"/>
                <face v1="51" v2="44" v3="52"/>
                <face v1="52" v2="44" v3="45"/>
                <face v1="42" v2="40" v3="53"/>
                <face v1="53" v2="40" v3="54"/>
                <face v1="40" v2="6" v3="54"/>
                <face v1="54" v2="6" v3="55"/>
                <face v1="6" v2="4" v3="55"/>
                <face v1="55" v2="4" v3="56"/>
                <face v1="4" v2="11" v3="56"/>
                <face v1="56" v2="11" v3="57"/>
                <face v1="11" v2="42" v3="57"/>
                <face v1="57" v2="42" v3="53"/>
                <face v1="40" v2="38" v3="58"/>
                <face v1="58" v2="38" v3="59"/>
                <face v1="38" v2="60" v3="59"/>
                <face v1="59" v2="60" v3="61"/>
                <face v1="60" v2="8" v3="61"/>
                <face v1="61" v2="8" v3="62"/>
                <face v1="8" v2="6" v3="62"/>
                <face v1="62" v2="6" v3="63"/>
                <face v1="6" v2="40" v3="63"/>
                <face v1="63" v2="40" v3="58"/>
                <face v1="44" v2="51" v3="64"/>
                <face v1="64" v2="51" v3="65"/>
                <face v1="51" v2="27" v3="65"/>
                <face v1="65" v2="27" v3="66"/>
                <face v1="27" v2="26" v3="66"/>
                <face v1="66" v2="26" v3="67"/>
                <face v1="26" v2="68" v3="67"/>
                <face v1="67" v2="68" v3="69"/>
                <face v1="68" v2="44" v3="69"/>
                <face v1="69" v2="44" v3="64"/>
                <face v1="51" v2="49" v3="70"/>
                <face v1="70" v2="49" v3="71"/>
                <face v1="49" v2="18" v3="71"/>
                <face v1="71" v2="18" v3="72"/>
                <face v1="18" v2="24" v3="72"/>
                <face v1="72" v2="24" v3="73"/>
                <face v1="24" v2="27" v3="73"/>
                <face v1="73" v2="27" v3="74"/>
                <face v1="27" v2="51" v3="74"/>
                <face v1="74" v2="51" v3="70"/>
                <face v1="34" v2="42" v3="75"/>
                <face v1="75" v2="42" v3="76"/>
                <face v1="42" v2="11" v3="76"/>
                <face v1="76" v2="11" v3="77"/>
                <face v1="11" v2="10" v3="77"/>
                <face v1="77" v2="10" v3="78"/>
                <face v1="10" v2="47" v3="78"/>
                <face v1="78" v2="47" v3="79"/>
                <face v1="47" v2="34" v3="79"/>
                <face v1="79" v2="34" v3="75"/>
                <face v1="49" v2="47" v3="80"/>
                <face v1="80" v2="47" v3="81"/>
                <face v1="47" v2="10" v3="81"/>
                <face v1="81" v2="10" v3="82"/>
                <face v1="10" v2="16" v3="82"/>
                <face v1="82" v2="16" v3="83"/>
                <face v1="16" v2="18" v3="83"/>
                <face v1="83" v2="18" v3="84"/>
                <face v1="18" v2="49" v3="84"/>
                <face v1="84" v2="49" v3="80"/>
                <face v1="85" v2="2" v3="86"/>
                <face v1="2" v2="3" v3="86"/>
                <face v1="86" v2="3" v3="87"/>
                <face v1="3" v2="5" v3="87"/>
                <face v1="87" v2="5" v3="88"/>
                <face v1="5" v2="7" v3="88"/>
                <face v1="88" v2="7" v3="89"/>
                <face v1="7" v2="9" v3="89"/>
                <face v1="89" v2="9" v3="85"/>
                <face v1="9" v2="2" v3="85"/>
                <face v1="90" v2="12" v3="91"/>
                <face v1="12" v2="13" v3="91"/>
                <face v1="91" v2="13" v3="92"/>
                <face v1="13" v2="14" v3="92"/>
                <face v1="92" v2="14" v3="93"/>
                <face v1="14" v2="15" v3="93"/>
                <face v1="93" v2="15" v3="94"/>
                <face v1="15" v2="17" v3="94"/>
                <face v1="94" v2="17" v3="90"/>
                <face v1="17" v2="12" v3="90"/>
                <face v1="95" v2="19" v3="96"/>
                <face v1="19" v2="20" v3="96"/>
                <face v1="96" v2="20" v3="97"/>
                <face v1="20" v2="21" v3="97"/>
                <face v1="97" v2="21" v3="98"/>
                <face v1="21" v2="23" v3="98"/>
                <face v1="98" v2="23" v3="99"/>
                <face v1="23" v2="25" v3="99"/>
                <face v1="99" v2="25" v3="95"/>
                <face v1="25" v2="19" v3="95"/>
                <face v1="100" v2="28" v3="101"/>
                <face v1="28" v2="29" v3="101"/>
                <face v1="101" v2="29" v3="102"/>
                <face v1="29" v2="30" v3="102"/>
                <face v1="102" v2="30" v3="103"/>
                <face v1="30" v2="31" v3="103"/>
                <face v1="103" v2="31" v3="104"/>
                <face v1="31" v2="33" v3="104"/>
                <face v1="104" v2="33" v3="100"/>
                <face v1="33" v2="28" v3="100"/>
                <face v1="105" v2="36" v3="106"/>
                <face v1="36" v2="37" v3="106"/>
                <face v1="106" v2="37" v3="107"/>
                <face v1="37" v2="39" v3="107"/>
                <face v1="107" v2="39" v3="108"/>
                <face v1="39" v2="41" v3="108"/>
                <face v1="108" v2="41" v3="109"/>
                <face v1="41" v2="43" v3="109"/>
                <face v1="109" v2="43" v3="105"/>
                <face v1="43" v2="36" v3="105"/>
                <face v1="110" v2="45" v3="111"/>
                <face v1="45" v2="46" v3="111"/>
                <face v1="111" v2="46" v3="112"/>
                <face v1="46" v2="48" v3="112"/>
                <face v1="112" v2="48" v3="113"/>
                <face v1="48" v2="50" v3="113"/>
                <face v1="113" v2="50" v3="114"/>
                <face v1="50" v2="52" v3="114"/>
                <face v1="114" v2="52" v3="110"/>
                <face v1="52" v2="45" v3="110"/>
                <face v1="115" v2="53" v3="116"/>
                <face v1="53" v2="54" v3="116"/>
                <face v1="116" v2="54" v3="117"/>
                <face v1="54" v2="55" v3="117"/>
                <face v1="117" v2="55" v3="118"/>
                <face v1="55" v2="56" v3="118"/>
                <face v1="118" v2="56" v3="119"/>
                <face v1="56" v2="57" v3="119"/>
                <face v1="119" v2="57" v3="115"/>
                <face v1="57" v2="53" v3="115"/>
                <face v1="120" v2="58" v3="121"/>
                <face v1="58" v2="59" v3="121"/>
                <face v1="121" v2="59" v3="122"/>
                <face v1="59" v2="61" v3="122"/>
                <face v1="122" v2="61" v3="123"/>
                <face v1="61" v2="62" v3="123"/>
                <face v1="123" v2="62" v3="124"/>
                <face v1="62" v2="63" v3="124"/>
                <face v1="124" v2="63" v3="120"/>
                <face v1="63" v2="58" v3="120"/>
                <face v1="125" v2="64" v3="126"/>
                <face v1="64" v2="65" v3="126"/>
                <face v1="126" v2="65" v3="127"/>
                <face v1="65" v2="66" v3="127"/>
                <face v1="127" v2="66" v3="128"/>
                <face v1="66" v2="67" v3="128"/>
                <face v1="128" v2="67" v3="129"/>
                <face v1="67" v2="69" v3="129"/>
                <face v1="129" v2="69" v3="125"/>
                <face v1="69" v2="64" v3="125"/>
                <face v1="130" v2="70" v3="131"/>
                <face v1="70" v2="71" v3="131"/>
                <face v1="131" v2="71" v3="132"/>
                <face v1="71" v2="72" v3="132"/>
                <face v1="132" v2="72" v3="133"/>
                <face v1="72" v2="73" v3="133"/>
                <face v1="133" v2="73" v3="134"/>
                <face v1="73" v2="74" v3="134"/>
                <face v1="134" v2="74" v3="130"/>
                <face v1="74" v2="70" v3="130"/>
                <face v1="135" v2="75" v3="136"/>
                <face v1="75" v2="76" v3="136"/>
                <face v1="136" v2="76" v3="137"/>
                <face v1="76" v2="77" v3="137"/>
                <face v1="137" v2="77" v3="138"/>
                <face v1="77" v2="78" v3="138"/>
                <face v1="138" v2="78" v3="139"/>
                <face v1="78" v2="79" v3="139"/>
                <face v1="139" v2="79" v3="135"/>
                <face v1="79" v2="75" v3="135"/>
                <face v1="140" v2="80" v3="141"/>
                <face v1="80" v2="81" v3="141"/>
                <face v1="141" v2="81" v3="142"/>
                <face v1="81" v2="82" v3="142"/>
                <face v1="142" v2="82" v3="143"/>
                <face v1="82" v2="83" v3="143"/>
                <face v1="143" v2="83" v3="144"/>
                <face v1="83" v2="84" v3="144"/>
                <face v1="144" v2="84" v3="140"/>
                <face v1="84" v2="80" v3="140"/>
                <face v1="85" v2="86" v3="145"/>
                <face v1="145" v2="86" v3="146"/>
                <face v1="86" v2="87" v3="146"/>
                <face v1="146" v2="87" v3="147"/>
                <face v1="87" v2="88" v3="147"/>
                <face v1="147" v2="88" v3="148"/>
                <face v1="88" v2="89" v3="148"/>
                <face v1="148" v2="89" v3="149"/>
                <face v1="89" v2="85" v3="149"/>
                <face v1="149" v2="85" v3="145"/>
                <face v1="90" v2="91" v3="150"/>
                <face v1="150" v2="91" v3="151"/>
                <face v1="91" v2="92" v3="151"/>
                <face v1="151" v2="92" v3="152"/>
                <face v1="92" v2="93" v3="152"/>
                <face v1="152" v2="93" v3="153"/>
                <face v1="93" v2="94" v3="153"/>
                <face v1="153" v2="94" v3="154"/>
                <face v1="94" v2="90" v3="154"/>
                <face v1="154" v2="90" v3="150"/>
                <face v1="95" v2="96" v3="155"/>
                <face v1="155" v2="96" v3="156"/>
                <face v1="96" v2="97" v3="156"/>
                <face v1="156" v2="97" v3="157"/>
                <face v1="97" v2="98" v3="157"/>
                <face v1="157" v2="98" v3="158"/>
                <face v1="98" v2="99" v3="158"/>
                <face v1="158" v2="99" v3="159"/>
                <face v1="99" v2="95" v3="159"/>
                <face v1="159" v2="95" v3="155"/>
                <face v1="100" v2="101" v3="160"/>
                <face v1="160" v2="101" v3="161"/>
                <face v1="101" v2="102" v3="161"/>
                <face v1="161" v2="102" v3="162"/>
                <face v1="102" v2="103" v3="162"/>
                <face v1="162" v2="103" v3="163"/>
                <face v1="103" v2="104" v3="163"/>
                <face v1="163" v2="104" v3="164"/>
                <face v1="104" v2="100" v3="164"/>
                <face v1="164" v2="100" v3="160"/>
                <face v1="105" v2="106" v3="165"/>
                <face v1="165" v2="106" v3="166"/>
                <face v1="106" v2="107" v3="166"/>
                <face v1="166" v2="107" v3="167"/>
                <face v1="107" v2="108" v3="167"/>
                <face v1="167" v2="108" v3="168"/>
                <face v1="108" v2="109" v3="168"/>
                <face v1="168" v2="109" v3="169"/>
                <face v1="109" v2="105" v3="169"/>
                <face v1="169" v2="105" v3="165"/>
                <face v1="110" v2="111" v3="170"/>
                <face v1="170" v2="111" v3="171"/>
                <face v1="111" v2="112" v3="171"/>
                <face v1="171" v2="112" v3="172"/>
                <face v1="112" v2="113" v3="172"/>
                <face v1="172" v2="113" v3="173"/>
                <face v1="113" v2="114" v3="173"/>
                <face v1="173" v2="114" v3="174"/>
                <face v1="114" v2="110" v3="174"/>
                <face v1="174" v2="110" v3="170"/>
                <face v1="115" v2="116" v3="175"/>
                <face v1="175" v2="116" v3="176"/>
                <face v1="116" v2="117" v3="176"/>
                <face v1="176" v2="117" v3="177"/>
                <face v1="117" v2="118" v3="177"/>
                <face v1="177" v2="118" v3="178"/>
                <face v1="118" v2="119" v3="178"/>
                <face v1="178" v2="119" v3="179"/>
                <face v1="119" v2="115" v3="179"/>
                <face v1="179" v2="115" v3="175"/>
                <face v1="120" v2="121" v3="180"/>
                <face v1="180" v2="121" v3="181"/>
                <face v1="121" v2="122" v3="181"/>
                <face v1="181" v2="122" v3="182"/>
                <face v1="122" v2="123" v3="182"/>
                <face v1="182" v2="123" v3="183"/>
                <face v1="123" v2="124" v3="183"/>
                <face v1="183" v2="124" v3="184"/>
                <face v1="124" v2="120" v3="184"/>
                <face v1="184" v2="120" v3="180"/>
                <face v1="125" v2="126" v3="185"/>
                <face v1="185" v2="126" v3="186"/>
                <face v1="126" v2="127" v3="186"/>
                <face v1="186" v2="127" v3="187"/>
                <face v1="127" v2="128" v3="187"/>
                <face v1="187" v2="128" v3="188"/>
                <face v1="128" v2="129" v3="188"/>
                <face v1="188" v2="129" v3="189"/>
                <face v1="129" v2="125" v3="189"/>
                <face v1="189" v2="125" v3="185"/>
                <face v1="130" v2="131" v3="190"/>
                <face v1="190" v2="131" v3="191"/>
                <face v1="131" v2="132" v3="191"/>
                <face v1="191" v2="132" v3="192"/>
                <face v1="132" v2="133" v3="192"/>
                <face v1="192" v2="133" v3="193"/>
                <face v1="133" v2="134" v3="193"/>
                <face v1="193" v2="134" v3="194"/>
                <face v1="134" v2="130" v3="194"/>
                <face v1="194" v2="130" v3="190"/>
                <face v1="135" v2="136" v3="195"/>
                <face v1="195" v2="136" v3="196"/>
                <face v1="136" v2="137" v3="196"/>
                <face v1="196" v2="137" v3="197"/>
                <face v1="137" v2="138" v3="197"/>
                <face v1="197" v2="138" v3="198"/>
                <face v1="138" v2="139" v3="198"/>
                <face v1="198" v2="139" v3="199"/>
                <face v1="139" v2="135" v3="199"/>
                <face v1="199" v2="135" v3="195"/>
                <face v1="140" v2="141" v3="200"/>
                <face v1="200" v2="141" v3="201"/>
                <face v1="141" v2="142" v3="201"/>
                <face v1="201" v2="142" v3="202"/>
                <face v1="142" v2="143" v3="202"/>
                <face v1="202" v2="143" v3="203"/>
                <face v1="143" v2="144" v3="203"/>
                <face v1="203" v2="144" v3="204"/>
                <face v1="144" v2="140" v3="204"/>
                <face v1="204" v2="140" v3="200"/>
                <face v1="146" v2="147" v3="153"/>
                <face v1="153" v2="147" v3="152"/>
                <face v1="145" v2="146" v3="158"/>
                <face v1="158" v2="146" v3="157"/>
                <face v1="153" v2="154" v3="157"/>
                <face v1="157" v2="154" v3="156"/>
                <face v1="205" v2="206" v3="207"/>
                <face v1="158" v2="159" v3="163"/>
                <face v1="163" v2="159" v3="162"/>
                <face v1="149" v2="145" v3="164"/>
                <face v1="164" v2="145" v3="163"/>
                <face v1="208" v2="209" v3="210"/>
                <face v1="155" v2="156" v3="204"/>
                <face v1="204" v2="156" v3="203"/>
                <face v1="159" v2="155" v3="193"/>
                <face v1="193" v2="155" v3="192"/>
                <face v1="191" v2="192" v3="200"/>
                <face v1="200" v2="192" v3="204"/>
                <face v1="211" v2="212" v3="213"/>
                <face v1="148" v2="149" v3="184"/>
                <face v1="184" v2="149" v3="183"/>
                <face v1="164" v2="160" v3="183"/>
                <face v1="183" v2="160" v3="182"/>
                <face v1="214" v2="215" v3="216"/>
                <face v1="147" v2="148" v3="178"/>
                <face v1="178" v2="148" v3="177"/>
                <face v1="176" v2="177" v3="180"/>
                <face v1="180" v2="177" v3="184"/>
                <face v1="217" v2="218" v3="219"/>
                <face v1="151" v2="152" v3="179"/>
                <face v1="179" v2="152" v3="178"/>
                <face v1="220" v2="221" v3="222"/>
                <face v1="150" v2="151" v3="198"/>
                <face v1="198" v2="151" v3="197"/>
                <face v1="179" v2="175" v3="197"/>
                <face v1="197" v2="175" v3="196"/>
                <face v1="223" v2="224" v3="225"/>
                <face v1="168" v2="169" v3="176"/>
                <face v1="176" v2="169" v3="175"/>
                <face v1="169" v2="165" v3="196"/>
                <face v1="196" v2="165" v3="195"/>
                <face v1="226" v2="227" v3="228"/>
                <face v1="167" v2="168" v3="181"/>
                <face v1="181" v2="168" v3="180"/>
                <face v1="229" v2="230" v3="231"/>
                <face v1="161" v2="162" v3="194"/>
                <face v1="194" v2="162" v3="193"/>
                <face v1="232" v2="233" v3="234"/>
                <face v1="160" v2="161" v3="188"/>
                <face v1="188" v2="161" v3="187"/>
                <face v1="186" v2="187" v3="190"/>
                <face v1="190" v2="187" v3="194"/>
                <face v1="235" v2="236" v3="237"/>
                <face v1="172" v2="173" v3="201"/>
                <face v1="201" v2="173" v3="200"/>
                <face v1="173" v2="174" v3="191"/>
                <face v1="191" v2="174" v3="190"/>
                <face v1="238" v2="239" v3="240"/>
                <face v1="174" v2="170" v3="186"/>
                <face v1="186" v2="170" v3="185"/>
                <face v1="241" v2="242" v3="243"/>
                <face v1="181" v2="182" v3="189"/>
                <face v1="189" v2="182" v3="188"/>
                <face v1="244" v2="245" v3="246"/>
                <face v1="154" v2="150" v3="203"/>
                <face v1="203" v2="150" v3="202"/>
                <face v1="247" v2="248" v3="249"/>
                <face v1="198" v2="199" v3="202"/>
                <face v1="202" v2="199" v3="201"/>
                <face v1="250" v2="251" v3="252"/>
                <face v1="171" v2="172" v3="195"/>
                <face v1="195" v2="172" v3="199"/>
                <face v1="253" v2="254" v3="255"/>
                <face v1="166" v2="167" v3="185"/>
                <face v1="185" v2="167" v3="189"/>
                <face v1="256" v2="257" v3="258"/>
                <face v1="165" v2="166" v3="171"/>
                <face v1="171" v2="166" v3="170"/>
                <face v1="259" v2="260" v3="261"/>
                <face v1="262" v2="263" v3="264"/>
            </faces>

            <geometry vertexcount="265">
                <vertexbuffer positions="true" normals="true" texture_coord_dimensions_0="float2" tangents="false" binormals="false" texture_coords="1">
            <vertex>
                <position x="-0.356822" y="0.000000" z="-0.934172"/>
                <normal x="-0.356822" y="0.000000" z="-0.934172"/>
                <texcoord u="1.250000" v="0.116140"/>
            </vertex>
            <vertex>
                <position x="0.356822" y="0.000000" z="-0.934172"/>
                <normal x="0.356822" y="0.000000" z="-0.934172"/>
                <texcoord u="0.750000" v="0.116140"/>
            </vertex>
            <vertex>
                <position x="-0.328276" y="-0.033422" z="-0.913516"/>
                <normal x="0.000000" y="-0.525712" z="-0.850642"/>
                <texcoord u="1.250000" v="0.116140"/>
            </vertex>
            <vertex>
                <position x="0.328276" y="-0.033422" z="-0.913516"/>
                <normal x="0.000000" y="-0.525712" z="-0.850642"/>
                <texcoord u="0.750000" v="0.116140"/>
            </vertex>
            <vertex>
                <position x="0.577350" y="-0.577350" z="-0.577350"/>
                <normal x="0.577349" y="-0.577349" z="-0.577349"/>
                <texcoord u="0.875000" v="0.304087"/>
            </vertex>
            <vertex>
                <position x="0.531162" y="-0.564584" z="-0.585240"/>
                <normal x="0.000000" y="-0.525712" z="-0.850642"/>
                <texcoord u="0.875000" v="0.304087"/>
            </vertex>
            <vertex>
                <position x="0.000000" y="-0.934172" z="-0.356822"/>
                <normal x="0.000000" y="-0.934172" z="-0.356822"/>
                <texcoord u="1.000000" v="0.383860"/>
            </vertex>
            <vertex>
                <position x="0.000000" y="-0.892860" z="-0.382354"/>
                <normal x="0.000000" y="-0.525712" z="-0.850642"/>
                <texcoord u="1.000000" v="0.383860"/>
            </vertex>
            <vertex>
                <position x="-0.577350" y="-0.577350" z="-0.577350"/>
                <normal x="-0.577349" y="-0.577349" z="-0.577349"/>
                <texcoord u="1.125000" v="0.304087"/>
            </vertex>
            <vertex>
                <position x="-0.531162" y="-0.564584" z="-0.585240"/>
                <normal x="0.000000" y="-0.525712" z="-0.850642"/>
                <texcoord u="1.125000" v="0.304087"/>
            </vertex>
            <vertex>
                <position x="0.934172" y="0.356822" z="-0.000000"/>
                <normal x="0.934172" y="0.356822" z="-0.000000"/>
                <texcoord u="0.691930" v="0.500000"/>
            </vertex>
            <vertex>
                <position x="0.934172" y="-0.356822" z="-0.000000"/>
                <normal x="0.934172" y="-0.356822" z="-0.000000"/>
                <texcoord u="0.808070" v="0.500000"/>
            </vertex>
            <vertex>
                <position x="0.913516" y="0.328276" z="-0.033422"/>
                <normal x="0.850642" y="0.000000" z="-0.525712"/>
                <texcoord u="0.691930" v="0.500000"/>
            </vertex>
            <vertex>
                <position x="0.913516" y="-0.328276" z="-0.033422"/>
                <normal x="0.850642" y="0.000000" z="-0.525712"/>
                <texcoord u="0.808070" v="0.500000"/>
            </vertex>
            <vertex>
                <position x="0.585240" y="-0.531162" z="-0.564584"/>
                <normal x="0.850642" y="0.000000" z="-0.525712"/>
                <texcoord u="0.875000" v="0.304087"/>
            </vertex>
            <vertex>
                <position x="0.382354" y="0.000000" z="-0.892860"/>
                <normal x="0.850642" y="0.000000" z="-0.525712"/>
                <texcoord u="0.750000" v="0.116140"/>
            </vertex>
            <vertex>
                <position x="0.577350" y="0.577350" z="-0.577350"/>
                <normal x="0.577349" y="0.577349" z="-0.577349"/>
                <texcoord u="0.625000" v="0.304087"/>
            </vertex>
            <vertex>
                <position x="0.585240" y="0.531162" z="-0.564584"/>
                <normal x="0.850642" y="0.000000" z="-0.525712"/>
                <texcoord u="0.625000" v="0.304087"/>
            </vertex>
            <vertex>
                <position x="0.000000" y="0.934172" z="-0.356822"/>
                <normal x="0.000000" y="0.934172" z="-0.356822"/>
                <texcoord u="0.500000" v="0.383860"/>
            </vertex>
            <vertex>
                <position x="0.000000" y="0.892860" z="-0.382354"/>
                <normal x="0.000000" y="0.525712" z="-0.850642"/>
                <texcoord u="0.500000" v="0.383860"/>
            </vertex>
            <vertex>
                <position x="0.531162" y="0.564584" z="-0.585240"/>
                <normal x="0.000000" y="0.525712" z="-0.850642"/>
                <texcoord u="0.625000" v="0.304087"/>
            </vertex>
            <vertex>
                <position x="0.328276" y="0.033422" z="-0.913516"/>
                <normal x="0.000000" y="0.525712" z="-0.850642"/>
                <texcoord u="0.750000" v="0.116140"/>
            </vertex>
            <vertex>
                <position x="-0.356822" y="0.000000" z="-0.934172"/>
                <normal x="-0.356822" y="0.000000" z="-0.934172"/>
                <texcoord u="0.250000" v="0.116140"/>
            </vertex>
            <vertex>
                <position x="-0.328276" y="0.033422" z="-0.913516"/>
                <normal x="0.000000" y="0.525712" z="-0.850642"/>
                <texcoord u="0.250000" v="0.116140"/>
            </vertex>
            <vertex>
                <position x="-0.577350" y="0.577350" z="-0.577350"/>
                <normal x="-0.577349" y="0.577349" z="-0.577349"/>
                <texcoord u="0.375000" v="0.304087"/>
            </vertex>
            <vertex>
                <position x="-0.531162" y="0.564584" z="-0.585240"/>
                <normal x="0.000000" y="0.525712" z="-0.850642"/>
                <texcoord u="0.375000" v="0.304087"/>
            </vertex>
            <vertex>
                <position x="-0.934172" y="-0.356822" z="-0.000000"/>
                <normal x="-0.934172" y="-0.356822" z="-0.000000"/>
                <texcoord u="0.191930" v="0.500000"/>
            </vertex>
            <vertex>
                <position x="-0.934172" y="0.356822" z="-0.000000"/>
                <normal x="-0.934172" y="0.356822" z="-0.000000"/>
                <texcoord u="0.308070" v="0.500000"/>
            </vertex>
            <vertex>
                <position x="-0.913516" y="-0.328276" z="-0.033422"/>
                <normal x="-0.850642" y="0.000000" z="-0.525712"/>
                <texcoord u="0.191930" v="0.500000"/>
            </vertex>
            <vertex>
                <position x="-0.913516" y="0.328276" z="-0.033422"/>
                <normal x="-0.850642" y="0.000000" z="-0.525712"/>
                <texcoord u="0.308070" v="0.500000"/>
            </vertex>
            <vertex>
                <position x="-0.585240" y="0.531162" z="-0.564584"/>
                <normal x="-0.850642" y="0.000000" z="-0.525712"/>
                <texcoord u="0.375000" v="0.304087"/>
            </vertex>
            <vertex>
                <position x="-0.382354" y="0.000000" z="-0.892860"/>
                <normal x="-0.850642" y="0.000000" z="-0.525712"/>
                <texcoord u="0.250000" v="0.116140"/>
            </vertex>
            <vertex>
                <position x="-0.577350" y="-0.577350" z="-0.577350"/>
                <normal x="-0.577349" y="-0.577349" z="-0.577349"/>
                <texcoord u="0.125000" v="0.304087"/>
            </vertex>
            <vertex>
                <position x="-0.585240" y="-0.531162" z="-0.564584"/>
                <normal x="-0.850642" y="0.000000" z="-0.525712"/>
                <texcoord u="0.125000" v="0.304087"/>
            </vertex>
            <vertex>
                <position x="0.356822" y="0.000000" z="0.934172"/>
                <normal x="0.356822" y="0.000000" z="0.934172"/>
                <texcoord u="0.750000" v="0.883860"/>
            </vertex>
            <vertex>
                <position x="-0.356822" y="0.000000" z="0.934172"/>
                <normal x="-0.356822" y="0.000000" z="0.934172"/>
                <texcoord u="1.250000" v="0.883860"/>
            </vertex>
            <vertex>
                <position x="0.328276" y="-0.033422" z="0.913516"/>
                <normal x="0.000000" y="-0.525712" z="0.850642"/>
                <texcoord u="0.750000" v="0.883860"/>
            </vertex>
            <vertex>
                <position x="-0.328276" y="-0.033422" z="0.913516"/>
                <normal x="0.000000" y="-0.525712" z="0.850642"/>
                <texcoord u="1.250000" v="0.883860"/>
            </vertex>
            <vertex>
                <position x="-0.577350" y="-0.577350" z="0.577350"/>
                <normal x="-0.577349" y="-0.577349" z="0.577349"/>
                <texcoord u="1.125000" v="0.695913"/>
            </vertex>
            <vertex>
                <position x="-0.531162" y="-0.564584" z="0.585240"/>
                <normal x="0.000000" y="-0.525712" z="0.850642"/>
                <texcoord u="1.125000" v="0.695913"/>
            </vertex>
            <vertex>
                <position x="0.000000" y="-0.934172" z="0.356822"/>
                <normal x="0.000000" y="-0.934172" z="0.356822"/>
                <texcoord u="1.000000" v="0.616140"/>
            </vertex>
            <vertex>
                <position x="0.000000" y="-0.892860" z="0.382354"/>
                <normal x="0.000000" y="-0.525712" z="0.850642"/>
                <texcoord u="1.000000" v="0.616140"/>
            </vertex>
            <vertex>
                <position x="0.577350" y="-0.577350" z="0.577350"/>
                <normal x="0.577349" y="-0.577349" z="0.577349"/>
                <texcoord u="0.875000" v="0.695913"/>
            </vertex>
            <vertex>
                <position x="0.531162" y="-0.564584" z="0.585240"/>
                <normal x="0.000000" y="-0.525712" z="0.850642"/>
                <texcoord u="0.875000" v="0.695913"/>
            </vertex>
            <vertex>
                <position x="-0.356822" y="0.000000" z="0.934172"/>
                <normal x="-0.356822" y="0.000000" z="0.934172"/>
                <texcoord u="0.250000" v="0.883860"/>
            </vertex>
            <vertex>
                <position x="-0.328276" y="0.033422" z="0.913516"/>
                <normal x="0.000000" y="0.525712" z="0.850642"/>
                <texcoord u="0.250000" v="0.883860"/>
            </vertex>
            <vertex>
                <position x="0.328276" y="0.033422" z="0.913516"/>
                <normal x="0.000000" y="0.525712" z="0.850642"/>
                <texcoord u="0.750000" v="0.883860"/>
            </vertex>
            <vertex>
                <position x="0.577350" y="0.577350" z="0.577350"/>
                <normal x="0.577349" y="0.577349" z="0.577349"/>
                <texcoord u="0.625000" v="0.695913"/>
            </vertex>
            <vertex>
                <position x="0.531162" y="0.564584" z="0.585240"/>
                <normal x="0.000000" y="0.525712" z="0.850642"/>
                <texcoord u="0.625000" v="0.695913"/>
            </vertex>
            <vertex>
                <position x="0.000000" y="0.934172" z="0.356822"/>
                <normal x="0.000000" y="0.934172" z="0.356822"/>
                <texcoord u="0.500000" v="0.616140"/>
            </vertex>
            <vertex>
                <position x="0.000000" y="0.892860" z="0.382354"/>
                <normal x="0.000000" y="0.525712" z="0.850642"/>
                <texcoord u="0.500000" v="0.616140"/>
            </vertex>
            <vertex>
                <position x="-0.577350" y="0.577350" z="0.577350"/>
                <normal x="-0.577349" y="0.577349" z="0.577349"/>
                <texcoord u="0.375000" v="0.695913"/>
            </vertex>
            <vertex>
                <position x="-0.531162" y="0.564584" z="0.585240"/>
                <normal x="0.000000" y="0.525712" z="0.850642"/>
                <texcoord u="0.375000" v="0.695913"/>
            </vertex>
            <vertex>
                <position x="0.564584" y="-0.585240" z="0.531162"/>
                <normal x="0.525712" y="-0.850642" z="-0.000000"/>
                <texcoord u="0.875000" v="0.695913"/>
            </vertex>
            <vertex>
                <position x="0.033422" y="-0.913516" z="0.328276"/>
                <normal x="0.525712" y="-0.850642" z="-0.000000"/>
                <texcoord u="1.000000" v="0.616140"/>
            </vertex>
            <vertex>
                <position x="0.033422" y="-0.913516" z="-0.328276"/>
                <normal x="0.525712" y="-0.850642" z="-0.000000"/>
                <texcoord u="1.000000" v="0.383860"/>
            </vertex>
            <vertex>
                <position x="0.564584" y="-0.585240" z="-0.531162"/>
                <normal x="0.525712" y="-0.850642" z="-0.000000"/>
                <texcoord u="0.875000" v="0.304087"/>
            </vertex>
            <vertex>
                <position x="0.892860" y="-0.382354" z="-0.000000"/>
                <normal x="0.525712" y="-0.850642" z="-0.000000"/>
                <texcoord u="0.808070" v="0.500000"/>
            </vertex>
            <vertex>
                <position x="-0.033422" y="-0.913516" z="0.328276"/>
                <normal x="-0.525712" y="-0.850642" z="-0.000000"/>
                <texcoord u="1.000000" v="0.616140"/>
            </vertex>
            <vertex>
                <position x="-0.564584" y="-0.585240" z="0.531162"/>
                <normal x="-0.525712" y="-0.850642" z="-0.000000"/>
                <texcoord u="1.125000" v="0.695913"/>
            </vertex>
            <vertex>
                <position x="-0.934172" y="-0.356822" z="-0.000000"/>
                <normal x="-0.934172" y="-0.356822" z="-0.000000"/>
                <texcoord u="1.191930" v="0.500000"/>
            </vertex>
            <vertex>
                <position x="-0.892860" y="-0.382354" z="-0.000000"/>
                <normal x="-0.525712" y="-0.850642" z="-0.000000"/>
                <texcoord u="1.191930" v="0.500000"/>
            </vertex>
            <vertex>
                <position x="-0.564584" y="-0.585240" z="-0.531162"/>
                <normal x="-0.525712" y="-0.850642" z="-0.000000"/>
                <texcoord u="1.125000" v="0.304087"/>
            </vertex>
            <vertex>
                <position x="-0.033422" y="-0.913516" z="-0.328276"/>
                <normal x="-0.525712" y="-0.850642" z="-0.000000"/>
                <texcoord u="1.000000" v="0.383860"/>
            </vertex>
            <vertex>
                <position x="-0.382354" y="0.000000" z="0.892860"/>
                <normal x="-0.850642" y="0.000000" z="0.525712"/>
                <texcoord u="0.250000" v="0.883860"/>
            </vertex>
            <vertex>
                <position x="-0.585240" y="0.531162" z="0.564584"/>
                <normal x="-0.850642" y="0.000000" z="0.525712"/>
                <texcoord u="0.375000" v="0.695913"/>
            </vertex>
            <vertex>
                <position x="-0.913516" y="0.328276" z="0.033422"/>
                <normal x="-0.850642" y="0.000000" z="0.525712"/>
                <texcoord u="0.308070" v="0.500000"/>
            </vertex>
            <vertex>
                <position x="-0.913516" y="-0.328276" z="0.033422"/>
                <normal x="-0.850642" y="0.000000" z="0.525712"/>
                <texcoord u="0.191930" v="0.500000"/>
            </vertex>
            <vertex>
                <position x="-0.577350" y="-0.577350" z="0.577350"/>
                <normal x="-0.577349" y="-0.577349" z="0.577349"/>
                <texcoord u="0.125000" v="0.695913"/>
            </vertex>
            <vertex>
                <position x="-0.585240" y="-0.531162" z="0.564584"/>
                <normal x="-0.850642" y="0.000000" z="0.525712"/>
                <texcoord u="0.125000" v="0.695913"/>
            </vertex>
            <vertex>
                <position x="-0.564584" y="0.585240" z="0.531162"/>
                <normal x="-0.525712" y="0.850642" z="-0.000000"/>
                <texcoord u="0.375000" v="0.695913"/>
            </vertex>
            <vertex>
                <position x="-0.033422" y="0.913516" z="0.328276"/>
                <normal x="-0.525712" y="0.850642" z="-0.000000"/>
                <texcoord u="0.500000" v="0.616140"/>
            </vertex>
            <vertex>
                <position x="-0.033422" y="0.913516" z="-0.328276"/>
                <normal x="-0.525712" y="0.850642" z="-0.000000"/>
                <texcoord u="0.500000" v="0.383860"/>
            </vertex>
            <vertex>
                <position x="-0.564584" y="0.585240" z="-0.531162"/>
                <normal x="-0.525712" y="0.850642" z="-0.000000"/>
                <texcoord u="0.375000" v="0.304087"/>
            </vertex>
            <vertex>
                <position x="-0.892860" y="0.382354" z="-0.000000"/>
                <normal x="-0.525712" y="0.850642" z="-0.000000"/>
                <texcoord u="0.308070" v="0.500000"/>
            </vertex>
            <vertex>
                <position x="0.382354" y="0.000000" z="0.892860"/>
                <normal x="0.850642" y="0.000000" z="0.525712"/>
                <texcoord u="0.750000" v="0.883860"/>
            </vertex>
            <vertex>
                <position x="0.585240" y="-0.531162" z="0.564584"/>
                <normal x="0.850642" y="0.000000" z="0.525712"/>
                <texcoord u="0.875000" v="0.695913"/>
            </vertex>
            <vertex>
                <position x="0.913516" y="-0.328276" z="0.033422"/>
                <normal x="0.850642" y="0.000000" z="0.525712"/>
                <texcoord u="0.808070" v="0.500000"/>
            </vertex>
            <vertex>
                <position x="0.913516" y="0.328276" z="0.033422"/>
                <normal x="0.850642" y="0.000000" z="0.525712"/>
                <texcoord u="0.691930" v="0.500000"/>
            </vertex>
            <vertex>
                <position x="0.585240" y="0.531162" z="0.564584"/>
                <normal x="0.850642" y="0.000000" z="0.525712"/>
                <texcoord u="0.625000" v="0.695913"/>
            </vertex>
            <vertex>
                <position x="0.033422" y="0.913516" z="0.328276"/>
                <normal x="0.525712" y="0.850642" z="-0.000000"/>
                <texcoord u="0.500000" v="0.616140"/>
            </vertex>
            <vertex>
                <position x="0.564584" y="0.585240" z="0.531162"/>
                <normal x="0.525712" y="0.850642" z="-0.000000"/>
                <texcoord u="0.625000" v="0.695913"/>
            </vertex>
            <vertex>
                <position x="0.892860" y="0.382354" z="-0.000000"/>
                <normal x="0.525712" y="0.850642" z="-0.000000"/>
                <texcoord u="0.691930" v="0.500000"/>
            </vertex>
            <vertex>
                <position x="0.564584" y="0.585240" z="-0.531162"/>
                <normal x="0.525712" y="0.850642" z="-0.000000"/>
                <texcoord u="0.625000" v="0.304087"/>
            </vertex>
            <vertex>
                <position x="0.033422" y="0.913516" z="-0.328276"/>
                <normal x="0.525712" y="0.850642" z="-0.000000"/>
                <texcoord u="0.500000" v="0.383860"/>
            </vertex>
            <vertex>
                <position x="-0.328276" y="-0.033422" z="-0.913516"/>
                <normal x="0.587756" y="-0.688162" z="0.425306"/>
                <texcoord u="1.250000" v="0.116140"/>
            </vertex>
            <vertex>
                <position x="0.328276" y="-0.033422" z="-0.913516"/>
                <normal x="-0.587756" y="-0.688162" z="0.425306"/>
                <texcoord u="0.750000" v="0.116140"/>
            </vertex>
            <vertex>
                <position x="0.531162" y="-0.564584" z="-0.585240"/>
                <normal x="-0.951048" y="0.262856" z="-0.162450"/>
                <texcoord u="0.875000" v="0.304087"/>
            </vertex>
            <vertex>
                <position x="0.000000" y="-0.892860" z="-0.382354"/>
                <normal x="0.000000" y="0.850642" z="-0.525712"/>
                <texcoord u="1.000000" v="0.383860"/>
            </vertex>
            <vertex>
                <position x="-0.531162" y="-0.564584" z="-0.585240"/>
                <normal x="0.951048" y="0.262856" z="-0.162450"/>
                <texcoord u="1.125000" v="0.304087"/>
            </vertex>
            <vertex>
                <position x="0.913516" y="0.328276" z="-0.033422"/>
                <normal x="-0.425306" y="-0.587756" z="-0.688162"/>
                <texcoord u="0.691930" v="0.500000"/>
            </vertex>
            <vertex>
                <position x="0.913516" y="-0.328276" z="-0.033422"/>
                <normal x="-0.425306" y="0.587756" z="-0.688162"/>
                <texcoord u="0.808070" v="0.500000"/>
            </vertex>
            <vertex>
                <position x="0.585240" y="-0.531162" z="-0.564584"/>
                <normal x="0.162450" y="0.951048" z="0.262856"/>
                <texcoord u="0.875000" v="0.304087"/>
            </vertex>
            <vertex>
                <position x="0.382354" y="0.000000" z="-0.892860"/>
                <normal x="0.525712" y="0.000000" z="0.850642"/>
                <texcoord u="0.750000" v="0.116140"/>
            </vertex>
            <vertex>
                <position x="0.585240" y="0.531162" z="-0.564584"/>
                <normal x="0.162450" y="-0.951048" z="0.262856"/>
                <texcoord u="0.625000" v="0.304087"/>
            </vertex>
            <vertex>
                <position x="0.000000" y="0.892860" z="-0.382354"/>
                <normal x="0.000000" y="-0.850642" z="-0.525712"/>
                <texcoord u="0.500000" v="0.383860"/>
            </vertex>
            <vertex>
                <position x="0.531162" y="0.564584" z="-0.585240"/>
                <normal x="-0.951048" y="-0.262856" z="-0.162450"/>
                <texcoord u="0.625000" v="0.304087"/>
            </vertex>
            <vertex>
                <position x="0.328276" y="0.033422" z="-0.913516"/>
                <normal x="-0.587756" y="0.688162" z="0.425306"/>
                <texcoord u="0.750000" v="0.116140"/>
            </vertex>
            <vertex>
                <position x="-0.328276" y="0.033422" z="-0.913516"/>
                <normal x="0.587756" y="0.688162" z="0.425306"/>
                <texcoord u="0.250000" v="0.116140"/>
            </vertex>
            <vertex>
                <position x="-0.531162" y="0.564584" z="-0.585240"/>
                <normal x="0.951048" y="-0.262856" z="-0.162450"/>
                <texcoord u="0.375000" v="0.304087"/>
            </vertex>
            <vertex>
                <position x="-0.913516" y="-0.328276" z="-0.033422"/>
                <normal x="0.425306" y="0.587756" z="-0.688162"/>
                <texcoord u="0.191930" v="0.500000"/>
            </vertex>
            <vertex>
                <position x="-0.913516" y="0.328276" z="-0.033422"/>
                <normal x="0.425306" y="-0.587756" z="-0.688162"/>
                <texcoord u="0.308070" v="0.500000"/>
            </vertex>
            <vertex>
                <position x="-0.585240" y="0.531162" z="-0.564584"/>
                <normal x="-0.162450" y="-0.951048" z="0.262856"/>
                <texcoord u="0.375000" v="0.304087"/>
            </vertex>
            <vertex>
                <position x="-0.382354" y="0.000000" z="-0.892860"/>
                <normal x="-0.525712" y="0.000000" z="0.850642"/>
                <texcoord u="0.250000" v="0.116140"/>
            </vertex>
            <vertex>
                <position x="-0.585240" y="-0.531162" z="-0.564584"/>
                <normal x="-0.162450" y="0.951048" z="0.262856"/>
                <texcoord u="0.125000" v="0.304087"/>
            </vertex>
            <vertex>
                <position x="0.328276" y="-0.033422" z="0.913516"/>
                <normal x="-0.587756" y="-0.688162" z="-0.425306"/>
                <texcoord u="0.750000" v="0.883860"/>
            </vertex>
            <vertex>
                <position x="-0.328276" y="-0.033422" z="0.913516"/>
                <normal x="0.587756" y="-0.688162" z="-0.425306"/>
                <texcoord u="1.250000" v="0.883860"/>
            </vertex>
            <vertex>
                <position x="-0.531162" y="-0.564584" z="0.585240"/>
                <normal x="0.951048" y="0.262856" z="0.162450"/>
                <texcoord u="1.125000" v="0.695913"/>
            </vertex>
            <vertex>
                <position x="0.000000" y="-0.892860" z="0.382354"/>
                <normal x="0.000000" y="0.850642" z="0.525712"/>
                <texcoord u="1.000000" v="0.616140"/>
            </vertex>
            <vertex>
                <position x="0.531162" y="-0.564584" z="0.585240"/>
                <normal x="-0.951048" y="0.262856" z="0.162450"/>
                <texcoord u="0.875000" v="0.695913"/>
            </vertex>
            <vertex>
                <position x="-0.328276" y="0.033422" z="0.913516"/>
                <normal x="0.587756" y="0.688162" z="-0.425306"/>
                <texcoord u="0.250000" v="0.883860"/>
            </vertex>
            <vertex>
                <position x="0.328276" y="0.033422" z="0.913516"/>
                <normal x="-0.587756" y="0.688162" z="-0.425306"/>
                <texcoord u="0.750000" v="0.883860"/>
            </vertex>
            <vertex>
                <position x="0.531162" y="0.564584" z="0.585240"/>
                <normal x="-0.951048" y="-0.262856" z="0.162450"/>
                <texcoord u="0.625000" v="0.695913"/>
            </vertex>
            <vertex>
                <position x="0.000000" y="0.892860" z="0.382354"/>
                <normal x="0.000000" y="-0.850642" z="0.525712"/>
                <texcoord u="0.500000" v="0.616140"/>
            </vertex>
            <vertex>
                <position x="-0.531162" y="0.564584" z="0.585240"/>
                <normal x="0.951048" y="-0.262856" z="0.162450"/>
                <texcoord u="0.375000" v="0.695913"/>
            </vertex>
            <vertex>
                <position x="0.564584" y="-0.585240" z="0.531162"/>
                <normal x="-0.262856" y="-0.162450" z="-0.951048"/>
                <texcoord u="0.875000" v="0.695913"/>
            </vertex>
            <vertex>
                <position x="0.033422" y="-0.913516" z="0.328276"/>
                <normal x="0.688162" y="0.425306" z="-0.587756"/>
                <texcoord u="1.000000" v="0.616140"/>
            </vertex>
            <vertex>
                <position x="0.033422" y="-0.913516" z="-0.328276"/>
                <normal x="0.688162" y="0.425306" z="0.587756"/>
                <texcoord u="1.000000" v="0.383860"/>
            </vertex>
            <vertex>
                <position x="0.564584" y="-0.585240" z="-0.531162"/>
                <normal x="-0.262856" y="-0.162450" z="0.951048"/>
                <texcoord u="0.875000" v="0.304087"/>
            </vertex>
            <vertex>
                <position x="0.892860" y="-0.382354" z="-0.000000"/>
                <normal x="-0.850642" y="-0.525712" z="-0.000000"/>
                <texcoord u="0.808070" v="0.500000"/>
            </vertex>
            <vertex>
                <position x="-0.033422" y="-0.913516" z="0.328276"/>
                <normal x="-0.688162" y="0.425306" z="-0.587756"/>
                <texcoord u="1.000000" v="0.616140"/>
            </vertex>
            <vertex>
                <position x="-0.564584" y="-0.585240" z="0.531162"/>
                <normal x="0.262856" y="-0.162450" z="-0.951048"/>
                <texcoord u="1.125000" v="0.695913"/>
            </vertex>
            <vertex>
                <position x="-0.892860" y="-0.382354" z="-0.000000"/>
                <normal x="0.850642" y="-0.525712" z="-0.000000"/>
                <texcoord u="1.191930" v="0.500000"/>
            </vertex>
            <vertex>
                <position x="-0.564584" y="-0.585240" z="-0.531162"/>
                <normal x="0.262856" y="-0.162450" z="0.951048"/>
                <texcoord u="1.125000" v="0.304087"/>
            </vertex>
            <vertex>
                <position x="-0.033422" y="-0.913516" z="-0.328276"/>
                <normal x="-0.688162" y="0.425306" z="0.587756"/>
                <texcoord u="1.000000" v="0.383860"/>
            </vertex>
            <vertex>
                <position x="-0.382354" y="0.000000" z="0.892860"/>
                <normal x="-0.525712" y="0.000000" z="-0.850642"/>
                <texcoord u="0.250000" v="0.883860"/>
            </vertex>
            <vertex>
                <position x="-0.585240" y="0.531162" z="0.564584"/>
                <normal x="-0.162450" y="-0.951048" z="-0.262856"/>
                <texcoord u="0.375000" v="0.695913"/>
            </vertex>
            <vertex>
                <position x="-0.913516" y="0.328276" z="0.033422"/>
                <normal x="0.425306" y="-0.587756" z="0.688162"/>
                <texcoord u="0.308070" v="0.500000"/>
            </vertex>
            <vertex>
                <position x="-0.913516" y="-0.328276" z="0.033422"/>
                <normal x="0.425306" y="0.587756" z="0.688162"/>
                <texcoord u="0.191930" v="0.500000"/>
            </vertex>
            <vertex>
                <position x="-0.585240" y="-0.531162" z="0.564584"/>
                <normal x="-0.162450" y="0.951048" z="-0.262856"/>
                <texcoord u="0.125000" v="0.695913"/>
            </vertex>
            <vertex>
                <position x="-0.564584" y="0.585240" z="0.531162"/>
                <normal x="0.262856" y="0.162450" z="-0.951048"/>
                <texcoord u="0.375000" v="0.695913"/>
            </vertex>
            <vertex>
                <position x="-0.033422" y="0.913516" z="0.328276"/>
                <normal x="-0.688162" y="-0.425306" z="-0.587756"/>
                <texcoord u="0.500000" v="0.616140"/>
            </vertex>
            <vertex>
                <position x="-0.033422" y="0.913516" z="-0.328276"/>
                <normal x="-0.688162" y="-0.425306" z="0.587756"/>
                <texcoord u="0.500000" v="0.383860"/>
            </vertex>
            <vertex>
                <position x="-0.564584" y="0.585240" z="-0.531162"/>
                <normal x="0.262856" y="0.162450" z="0.951048"/>
                <texcoord u="0.375000" v="0.304087"/>
            </vertex>
            <vertex>
                <position x="-0.892860" y="0.382354" z="-0.000000"/>
                <normal x="0.850642" y="0.525712" z="-0.000000"/>
                <texcoord u="0.308070" v="0.500000"/>
            </vertex>
            <vertex>
                <position x="0.382354" y="0.000000" z="0.892860"/>
                <normal x="0.525712" y="0.000000" z="-0.850642"/>
                <texcoord u="0.750000" v="0.883860"/>
            </vertex>
            <vertex>
                <position x="0.585240" y="-0.531162" z="0.564584"/>
                <normal x="0.162450" y="0.951048" z="-0.262856"/>
                <texcoord u="0.875000" v="0.695913"/>
            </vertex>
            <vertex>
                <position x="0.913516" y="-0.328276" z="0.033422"/>
                <normal x="-0.425306" y="0.587756" z="0.688162"/>
                <texcoord u="0.808070" v="0.500000"/>
            </vertex>
            <vertex>
                <position x="0.913516" y="0.328276" z="0.033422"/>
                <normal x="-0.425306" y="-0.587756" z="0.688162"/>
                <texcoord u="0.691930" v="0.500000"/>
            </vertex>
            <vertex>
                <position x="0.585240" y="0.531162" z="0.564584"/>
                <normal x="0.162450" y="-0.951048" z="-0.262856"/>
                <texcoord u="0.625000" v="0.695913"/>
            </vertex>
            <vertex>
                <position x="0.033422" y="0.913516" z="0.328276"/>
                <normal x="0.688162" y="-0.425306" z="-0.587756"/>
                <texcoord u="0.500000" v="0.616140"/>
            </vertex>
            <vertex>
                <position x="0.564584" y="0.585240" z="0.531162"/>
                <normal x="-0.262856" y="0.162450" z="-0.951048"/>
                <texcoord u="0.625000" v="0.695913"/>
            </vertex>
            <vertex>
                <position x="0.892860" y="0.382354" z="-0.000000"/>
                <normal x="-0.850642" y="0.525712" z="-0.000000"/>
                <texcoord u="0.691930" v="0.500000"/>
            </vertex>
            <vertex>
                <position x="0.564584" y="0.585240" z="-0.531162"/>
                <normal x="-0.262856" y="0.162450" z="0.951048"/>
                <texcoord u="0.625000" v="0.304087"/>
            </vertex>
            <vertex>
                <position x="0.033422" y="0.913516" z="-0.328276"/>
                <normal x="0.688162" y="-0.425306" z="0.587756"/>
                <texcoord u="0.500000" v="0.383860"/>
            </vertex>
            <vertex>
                <position x="-0.328276" y="-0.023408" z="-0.897313"/>
                <normal x="0.464248" y="-0.221137" z="0.857631"/>
                <texcoord u="1.250000" v="0.116140"/>
            </vertex>
            <vertex>
                <position x="0.328276" y="-0.023408" z="-0.897313"/>
                <normal x="-0.464248" y="-0.221137" z="0.857631"/>
                <texcoord u="0.750000" v="0.116140"/>
            </vertex>
            <vertex>
                <position x="0.531162" y="-0.554570" z="-0.569037"/>
                <normal x="-0.751183" y="0.530045" z="0.393353"/>
                <texcoord u="0.875000" v="0.304087"/>
            </vertex>
            <vertex>
                <position x="0.000000" y="-0.882846" z="-0.366151"/>
                <normal x="0.000000" y="0.994293" z="0.106418"/>
                <texcoord u="1.000000" v="0.383860"/>
            </vertex>
            <vertex>
                <position x="-0.531162" y="-0.554570" z="-0.569037"/>
                <normal x="0.751183" y="0.530045" z="0.393353"/>
                <texcoord u="1.125000" v="0.304087"/>
            </vertex>
            <vertex>
                <position x="0.897313" y="0.328276" z="-0.023408"/>
                <normal x="-0.857631" y="-0.464248" z="-0.221137"/>
                <texcoord u="0.691930" v="0.500000"/>
            </vertex>
            <vertex>
                <position x="0.897313" y="-0.328276" z="-0.023408"/>
                <normal x="-0.857631" y="0.464248" z="-0.221137"/>
                <texcoord u="0.808070" v="0.500000"/>
            </vertex>
            <vertex>
                <position x="0.569037" y="-0.531162" z="-0.554570"/>
                <normal x="-0.393353" y="0.751183" z="0.530045"/>
                <texcoord u="0.875000" v="0.304087"/>
            </vertex>
            <vertex>
                <position x="0.366151" y="0.000000" z="-0.882846"/>
                <normal x="-0.106418" y="0.000000" z="0.994293"/>
                <texcoord u="0.750000" v="0.116140"/>
            </vertex>
            <vertex>
                <position x="0.569037" y="0.531162" z="-0.554570"/>
                <normal x="-0.393353" y="-0.751183" z="0.530045"/>
                <texcoord u="0.625000" v="0.304087"/>
            </vertex>
            <vertex>
                <position x="0.000000" y="0.882846" z="-0.366151"/>
                <normal x="0.000000" y="-0.994293" z="0.106418"/>
                <texcoord u="0.500000" v="0.383860"/>
            </vertex>
            <vertex>
                <position x="0.531162" y="0.554570" z="-0.569037"/>
                <normal x="-0.751183" y="-0.530045" z="0.393353"/>
                <texcoord u="0.625000" v="0.304087"/>
            </vertex>
            <vertex>
                <position x="0.328276" y="0.023408" z="-0.897313"/>
                <normal x="-0.464248" y="0.221137" z="0.857631"/>
                <texcoord u="0.750000" v="0.116140"/>
            </vertex>
            <vertex>
                <position x="-0.328276" y="0.023408" z="-0.897313"/>
                <normal x="0.464248" y="0.221137" z="0.857631"/>
                <texcoord u="0.250000" v="0.116140"/>
            </vertex>
            <vertex>
                <position x="-0.531162" y="0.554570" z="-0.569037"/>
                <normal x="0.751183" y="-0.530045" z="0.393353"/>
                <texcoord u="0.375000" v="0.304087"/>
            </vertex>
            <vertex>
                <position x="-0.897313" y="-0.328276" z="-0.023408"/>
                <normal x="0.857631" y="0.464248" z="-0.221137"/>
                <texcoord u="0.191930" v="0.500000"/>
            </vertex>
            <vertex>
                <position x="-0.897313" y="0.328276" z="-0.023408"/>
                <normal x="0.857631" y="-0.464248" z="-0.221137"/>
                <texcoord u="0.308070" v="0.500000"/>
            </vertex>
            <vertex>
                <position x="-0.569037" y="0.531162" z="-0.554570"/>
                <normal x="0.393353" y="-0.751183" z="0.530045"/>
                <texcoord u="0.375000" v="0.304087"/>
            </vertex>
            <vertex>
                <position x="-0.366151" y="0.000000" z="-0.882846"/>
                <normal x="0.106418" y="0.000000" z="0.994293"/>
                <texcoord u="0.250000" v="0.116140"/>
            </vertex>
            <vertex>
                <position x="-0.569037" y="-0.531162" z="-0.554570"/>
                <normal x="0.393353" y="0.751183" z="0.530045"/>
                <texcoord u="0.125000" v="0.304087"/>
            </vertex>
            <vertex>
                <position x="0.328276" y="-0.023408" z="0.897313"/>
                <normal x="-0.464248" y="-0.221137" z="-0.857631"/>
                <texcoord u="0.750000" v="0.883860"/>
            </vertex>
            <vertex>
                <position x="-0.328276" y="-0.023408" z="0.897313"/>
                <normal x="0.464248" y="-0.221137" z="-0.857631"/>
                <texcoord u="1.250000" v="0.883860"/>
            </vertex>
            <vertex>
                <position x="-0.531162" y="-0.554570" z="0.569037"/>
                <normal x="0.751183" y="0.530045" z="-0.393353"/>
                <texcoord u="1.125000" v="0.695913"/>
            </vertex>
            <vertex>
                <position x="0.000000" y="-0.882846" z="0.366151"/>
                <normal x="0.000000" y="0.994293" z="-0.106418"/>
                <texcoord u="1.000000" v="0.616140"/>
            </vertex>
            <vertex>
                <position x="0.531162" y="-0.554570" z="0.569037"/>
                <normal x="-0.751183" y="0.530045" z="-0.393353"/>
                <texcoord u="0.875000" v="0.695913"/>
            </vertex>
            <vertex>
                <position x="-0.328276" y="0.023408" z="0.897313"/>
                <normal x="0.464248" y="0.221137" z="-0.857631"/>
                <texcoord u="0.250000" v="0.883860"/>
            </vertex>
            <vertex>
                <position x="0.328276" y="0.023408" z="0.897313"/>
                <normal x="-0.464248" y="0.221137" z="-0.857631"/>
                <texcoord u="0.750000" v="0.883860"/>
            </vertex>
            <vertex>
                <position x="0.531162" y="0.554570" z="0.569037"/>
                <normal x="-0.751183" y="-0.530045" z="-0.393353"/>
                <texcoord u="0.625000" v="0.695913"/>
            </vertex>
            <vertex>
                <position x="0.000000" y="0.882846" z="0.366151"/>
                <normal x="0.000000" y="-0.994293" z="-0.106418"/>
                <texcoord u="0.500000" v="0.616140"/>
            </vertex>
            <vertex>
                <position x="-0.531162" y="0.554570" z="0.569037"/>
                <normal x="0.751183" y="-0.530045" z="-0.393353"/>
                <texcoord u="0.375000" v="0.695913"/>
            </vertex>
            <vertex>
                <position x="0.554570" y="-0.569037" z="0.531162"/>
                <normal x="-0.530045" y="0.393353" z="-0.751183"/>
                <texcoord u="0.875000" v="0.695913"/>
            </vertex>
            <vertex>
                <position x="0.023408" y="-0.897313" z="0.328276"/>
                <normal x="0.221137" y="0.857631" z="-0.464248"/>
                <texcoord u="1.000000" v="0.616140"/>
            </vertex>
            <vertex>
                <position x="0.023408" y="-0.897313" z="-0.328276"/>
                <normal x="0.221137" y="0.857631" z="0.464248"/>
                <texcoord u="1.000000" v="0.383860"/>
            </vertex>
            <vertex>
                <position x="0.554570" y="-0.569037" z="-0.531162"/>
                <normal x="-0.530045" y="0.393353" z="0.751183"/>
                <texcoord u="0.875000" v="0.304087"/>
            </vertex>
            <vertex>
                <position x="0.882846" y="-0.366151" z="-0.000000"/>
                <normal x="-0.994293" y="0.106418" z="-0.000000"/>
                <texcoord u="0.808070" v="0.500000"/>
            </vertex>
            <vertex>
                <position x="-0.023408" y="-0.897313" z="0.328276"/>
                <normal x="-0.221137" y="0.857631" z="-0.464248"/>
                <texcoord u="1.000000" v="0.616140"/>
            </vertex>
            <vertex>
                <position x="-0.554570" y="-0.569037" z="0.531162"/>
                <normal x="0.530045" y="0.393353" z="-0.751183"/>
                <texcoord u="1.125000" v="0.695913"/>
            </vertex>
            <vertex>
                <position x="-0.882846" y="-0.366151" z="-0.000000"/>
                <normal x="0.994293" y="0.106418" z="-0.000000"/>
                <texcoord u="1.191930" v="0.500000"/>
            </vertex>
            <vertex>
                <position x="-0.554570" y="-0.569037" z="-0.531162"/>
                <normal x="0.530045" y="0.393353" z="0.751183"/>
                <texcoord u="1.125000" v="0.304087"/>
            </vertex>
            <vertex>
                <position x="-0.023408" y="-0.897313" z="-0.328276"/>
                <normal x="-0.221137" y="0.857631" z="0.464248"/>
                <texcoord u="1.000000" v="0.383860"/>
            </vertex>
            <vertex>
                <position x="-0.366151" y="0.000000" z="0.882846"/>
                <normal x="0.106418" y="0.000000" z="-0.994293"/>
                <texcoord u="0.250000" v="0.883860"/>
            </vertex>
            <vertex>
                <position x="-0.569037" y="0.531162" z="0.554570"/>
                <normal x="0.393353" y="-0.751183" z="-0.530045"/>
                <texcoord u="0.375000" v="0.695913"/>
            </vertex>
            <vertex>
                <position x="-0.897313" y="0.328276" z="0.023408"/>
                <normal x="0.857631" y="-0.464248" z="0.221137"/>
                <texcoord u="0.308070" v="0.500000"/>
            </vertex>
            <vertex>
                <position x="-0.897313" y="-0.328276" z="0.023408"/>
                <normal x="0.857631" y="0.464248" z="0.221137"/>
                <texcoord u="0.191930" v="0.500000"/>
            </vertex>
            <vertex>
                <position x="-0.569037" y="-0.531162" z="0.554570"/>
                <normal x="0.393353" y="0.751183" z="-0.530045"/>
                <texcoord u="0.125000" v="0.695913"/>
            </vertex>
            <vertex>
                <position x="-0.554570" y="0.569037" z="0.531162"/>
                <normal x="0.530045" y="-0.393353" z="-0.751183"/>
                <texcoord u="0.375000" v="0.695913"/>
            </vertex>
            <vertex>
                <position x="-0.023408" y="0.897313" z="0.328276"/>
                <normal x="-0.221137" y="-0.857631" z="-0.464248"/>
                <texcoord u="0.500000" v="0.616140"/>
            </vertex>
            <vertex>
                <position x="-0.023408" y="0.897313" z="-0.328276"/>
                <normal x="-0.221137" y="-0.857631" z="0.464248"/>
                <texcoord u="0.500000" v="0.383860"/>
            </vertex>
            <vertex>
                <position x="-0.554570" y="0.569037" z="-0.531162"/>
                <normal x="0.530045" y="-0.393353" z="0.751183"/>
                <texcoord u="0.375000" v="0.304087"/>
            </vertex>
            <vertex>
                <position x="-0.882846" y="0.366151" z="-0.000000"/>
                <normal x="0.994293" y="-0.106418" z="-0.000000"/>
                <texcoord u="0.308070" v="0.500000"/>
            </vertex>
            <vertex>
                <position x="0.366151" y="0.000000" z="0.882846"/>
                <normal x="-0.106418" y="0.000000" z="-0.994293"/>
                <texcoord u="0.750000" v="0.883860"/>
            </vertex>
            <vertex>
                <position x="0.569037" y="-0.531162" z="0.554570"/>
                <normal x="-0.393353" y="0.751183" z="-0.530045"/>
                <texcoord u="0.875000" v="0.695913"/>
            </vertex>
            <vertex>
                <position x="0.897313" y="-0.328276" z="0.023408"/>
                <normal x="-0.857631" y="0.464248" z="0.221137"/>
                <texcoord u="0.808070" v="0.500000"/>
            </vertex>
            <vertex>
                <position x="0.897313" y="0.328276" z="0.023408"/>
                <normal x="-0.857631" y="-0.464248" z="0.221137"/>
                <texcoord u="0.691930" v="0.500000"/>
            </vertex>
            <vertex>
                <position x="0.569037" y="0.531162" z="0.554570"/>
                <normal x="-0.393353" y="-0.751183" z="-0.530045"/>
                <texcoord u="0.625000" v="0.695913"/>
            </vertex>
            <vertex>
                <position x="0.023408" y="0.897313" z="0.328276"/>
                <normal x="0.221137" y="-0.857631" z="-0.464248"/>
                <texcoord u="0.500000" v="0.616140"/>
            </vertex>
            <vertex>
                <position x="0.554570" y="0.569037" z="0.531162"/>
                <normal x="-0.530045" y="-0.393353" z="-0.751183"/>
                <texcoord u="0.625000" v="0.695913"/>
            </vertex>
            <vertex>
                <position x="0.882846" y="0.366151" z="-0.000000"/>
                <normal x="-0.994293" y="-0.106418" z="-0.000000"/>
                <texcoord u="0.691930" v="0.500000"/>
            </vertex>
            <vertex>
                <position x="0.554570" y="0.569037" z="-0.531162"/>
                <normal x="-0.530045" y="-0.393353" z="0.751183"/>
                <texcoord u="0.625000" v="0.304087"/>
            </vertex>
            <vertex>
                <position x="0.023408" y="0.897313" z="-0.328276"/>
                <normal x="0.221137" y="-0.857631" z="0.464248"/>
                <texcoord u="0.500000" v="0.383860"/>
            </vertex>
            <vertex>
                <position x="0.366151" y="0.000000" z="-0.882846"/>
                <normal x="-0.356823" y="0.000000" z="0.934172"/>
                <texcoord u="0.750000" v="0.116140"/>
            </vertex>
            <vertex>
                <position x="0.328276" y="0.023408" z="-0.897313"/>
                <normal x="-0.356823" y="0.000000" z="0.934172"/>
                <texcoord u="0.750000" v="0.116140"/>
            </vertex>
            <vertex>
                <position x="0.328276" y="-0.023408" z="-0.897313"/>
                <normal x="-0.356823" y="0.000000" z="0.934172"/>
                <texcoord u="0.750000" v="0.116140"/>
            </vertex>
            <vertex>
                <position x="-0.328276" y="0.023408" z="-0.897313"/>
                <normal x="0.356823" y="0.000000" z="0.934172"/>
                <texcoord u="0.250000" v="0.116140"/>
            </vertex>
            <vertex>
                <position x="-0.366151" y="0.000000" z="-0.882846"/>
                <normal x="0.356823" y="0.000000" z="0.934172"/>
                <texcoord u="0.250000" v="0.116140"/>
            </vertex>
            <vertex>
                <position x="-0.328276" y="-0.023408" z="-0.897313"/>
                <normal x="0.356823" y="0.000000" z="0.934172"/>
                <texcoord u="1.250000" v="0.116140"/>
            </vertex>
            <vertex>
                <position x="0.023408" y="0.897313" z="-0.328276"/>
                <normal x="0.000000" y="-0.934172" z="0.356823"/>
                <texcoord u="0.500000" v="0.383860"/>
            </vertex>
            <vertex>
                <position x="-0.023408" y="0.897313" z="-0.328276"/>
                <normal x="0.000000" y="-0.934172" z="0.356823"/>
                <texcoord u="0.500000" v="0.383860"/>
            </vertex>
            <vertex>
                <position x="0.000000" y="0.882846" z="-0.366151"/>
                <normal x="0.000000" y="-0.934172" z="0.356823"/>
                <texcoord u="0.500000" v="0.383860"/>
            </vertex>
            <vertex>
                <position x="-0.569037" y="-0.531162" z="-0.554570"/>
                <normal x="0.577350" y="0.577350" z="0.577350"/>
                <texcoord u="0.125000" v="0.304087"/>
            </vertex>
            <vertex>
                <position x="-0.554570" y="-0.569037" z="-0.531162"/>
                <normal x="0.577350" y="0.577350" z="0.577350"/>
                <texcoord u="1.125000" v="0.304087"/>
            </vertex>
            <vertex>
                <position x="-0.531162" y="-0.554570" z="-0.569037"/>
                <normal x="0.577350" y="0.577350" z="0.577350"/>
                <texcoord u="1.125000" v="0.304087"/>
            </vertex>
            <vertex>
                <position x="-0.023408" y="-0.897313" z="-0.328276"/>
                <normal x="0.000000" y="0.934172" z="0.356823"/>
                <texcoord u="1.000000" v="0.383860"/>
            </vertex>
            <vertex>
                <position x="0.023408" y="-0.897313" z="-0.328276"/>
                <normal x="0.000000" y="0.934172" z="0.356823"/>
                <texcoord u="1.000000" v="0.383860"/>
            </vertex>
            <vertex>
                <position x="0.000000" y="-0.882846" z="-0.366151"/>
                <normal x="0.000000" y="0.934172" z="0.356823"/>
                <texcoord u="1.000000" v="0.383860"/>
            </vertex>
            <vertex>
                <position x="0.569037" y="-0.531162" z="-0.554570"/>
                <normal x="-0.577350" y="0.577350" z="0.577350"/>
                <texcoord u="0.875000" v="0.304087"/>
            </vertex>
            <vertex>
                <position x="0.531162" y="-0.554570" z="-0.569037"/>
                <normal x="-0.577350" y="0.577350" z="0.577350"/>
                <texcoord u="0.875000" v="0.304087"/>
            </vertex>
            <vertex>
                <position x="0.554570" y="-0.569037" z="-0.531162"/>
                <normal x="-0.577350" y="0.577350" z="0.577350"/>
                <texcoord u="0.875000" v="0.304087"/>
            </vertex>
            <vertex>
                <position x="0.882846" y="-0.366151" z="-0.000000"/>
                <normal x="-0.934172" y="0.356823" z="-0.000000"/>
                <texcoord u="0.808070" v="0.500000"/>
            </vertex>
            <vertex>
                <position x="0.897313" y="-0.328276" z="0.023408"/>
                <normal x="-0.934172" y="0.356823" z="-0.000000"/>
                <texcoord u="0.808070" v="0.500000"/>
            </vertex>
            <vertex>
                <position x="0.897313" y="-0.328276" z="-0.023408"/>
                <normal x="-0.934172" y="0.356823" z="-0.000000"/>
                <texcoord u="0.808070" v="0.500000"/>
            </vertex>
            <vertex>
                <position x="0.569037" y="-0.531162" z="0.554570"/>
                <normal x="-0.577350" y="0.577350" z="-0.577350"/>
                <texcoord u="0.875000" v="0.695913"/>
            </vertex>
            <vertex>
                <position x="0.554570" y="-0.569037" z="0.531162"/>
                <normal x="-0.577350" y="0.577350" z="-0.577350"/>
                <texcoord u="0.875000" v="0.695913"/>
            </vertex>
            <vertex>
                <position x="0.531162" y="-0.554570" z="0.569037"/>
                <normal x="-0.577350" y="0.577350" z="-0.577350"/>
                <texcoord u="0.875000" v="0.695913"/>
            </vertex>
            <vertex>
                <position x="-0.023408" y="-0.897313" z="0.328276"/>
                <normal x="0.000000" y="0.934172" z="-0.356823"/>
                <texcoord u="1.000000" v="0.616140"/>
            </vertex>
            <vertex>
                <position x="0.000000" y="-0.882846" z="0.366151"/>
                <normal x="0.000000" y="0.934172" z="-0.356823"/>
                <texcoord u="1.000000" v="0.616140"/>
            </vertex>
            <vertex>
                <position x="0.023408" y="-0.897313" z="0.328276"/>
                <normal x="0.000000" y="0.934172" z="-0.356823"/>
                <texcoord u="1.000000" v="0.616140"/>
            </vertex>
            <vertex>
                <position x="-0.569037" y="0.531162" z="-0.554570"/>
                <normal x="0.577350" y="-0.577350" z="0.577350"/>
                <texcoord u="0.375000" v="0.304087"/>
            </vertex>
            <vertex>
                <position x="-0.531162" y="0.554570" z="-0.569037"/>
                <normal x="0.577350" y="-0.577350" z="0.577350"/>
                <texcoord u="0.375000" v="0.304087"/>
            </vertex>
            <vertex>
                <position x="-0.554570" y="0.569037" z="-0.531162"/>
                <normal x="0.577350" y="-0.577350" z="0.577350"/>
                <texcoord u="0.375000" v="0.304087"/>
            </vertex>
            <vertex>
                <position x="-0.882846" y="0.366151" z="-0.000000"/>
                <normal x="0.934172" y="-0.356823" z="-0.000000"/>
                <texcoord u="0.308070" v="0.500000"/>
            </vertex>
            <vertex>
                <position x="-0.897313" y="0.328276" z="0.023408"/>
                <normal x="0.934172" y="-0.356823" z="-0.000000"/>
                <texcoord u="0.308070" v="0.500000"/>
            </vertex>
            <vertex>
                <position x="-0.897313" y="0.328276" z="-0.023408"/>
                <normal x="0.934172" y="-0.356823" z="-0.000000"/>
                <texcoord u="0.308070" v="0.500000"/>
            </vertex>
            <vertex>
                <position x="0.023408" y="0.897313" z="0.328276"/>
                <normal x="0.000000" y="-0.934172" z="-0.356823"/>
                <texcoord u="0.500000" v="0.616140"/>
            </vertex>
            <vertex>
                <position x="0.000000" y="0.882846" z="0.366151"/>
                <normal x="0.000000" y="-0.934172" z="-0.356823"/>
                <texcoord u="0.500000" v="0.616140"/>
            </vertex>
            <vertex>
                <position x="-0.023408" y="0.897313" z="0.328276"/>
                <normal x="0.000000" y="-0.934172" z="-0.356823"/>
                <texcoord u="0.500000" v="0.616140"/>
            </vertex>
            <vertex>
                <position x="-0.554570" y="0.569037" z="0.531162"/>
                <normal x="0.577350" y="-0.577350" z="-0.577350"/>
                <texcoord u="0.375000" v="0.695913"/>
            </vertex>
            <vertex>
                <position x="-0.531162" y="0.554570" z="0.569037"/>
                <normal x="0.577350" y="-0.577350" z="-0.577350"/>
                <texcoord u="0.375000" v="0.695913"/>
            </vertex>
            <vertex>
                <position x="-0.569037" y="0.531162" z="0.554570"/>
                <normal x="0.577350" y="-0.577350" z="-0.577350"/>
                <texcoord u="0.375000" v="0.695913"/>
            </vertex>
            <vertex>
                <position x="-0.882846" y="-0.366151" z="-0.000000"/>
                <normal x="0.934172" y="0.356823" z="0.000000"/>
                <texcoord u="1.191930" v="0.500000"/>
            </vertex>
            <vertex>
                <position x="-0.897313" y="-0.328276" z="-0.023408"/>
                <normal x="0.934172" y="0.356823" z="0.000000"/>
                <texcoord u="0.191930" v="0.500000"/>
            </vertex>
            <vertex>
                <position x="-0.897313" y="-0.328276" z="0.023408"/>
                <normal x="0.934172" y="0.356823" z="0.000000"/>
                <texcoord u="0.191930" v="0.500000"/>
            </vertex>
            <vertex>
                <position x="0.531162" y="0.554570" z="-0.569037"/>
                <normal x="-0.577350" y="-0.577350" z="0.577350"/>
                <texcoord u="0.625000" v="0.304087"/>
            </vertex>
            <vertex>
                <position x="0.569037" y="0.531162" z="-0.554570"/>
                <normal x="-0.577350" y="-0.577350" z="0.577350"/>
                <texcoord u="0.625000" v="0.304087"/>
            </vertex>
            <vertex>
                <position x="0.554570" y="0.569037" z="-0.531162"/>
                <normal x="-0.577350" y="-0.577350" z="0.577350"/>
                <texcoord u="0.625000" v="0.304087"/>
            </vertex>
            <vertex>
                <position x="0.897313" y="0.328276" z="0.023408"/>
                <normal x="-0.934172" y="-0.356823" z="-0.000000"/>
                <texcoord u="0.691930" v="0.500000"/>
            </vertex>
            <vertex>
                <position x="0.882846" y="0.366151" z="-0.000000"/>
                <normal x="-0.934172" y="-0.356823" z="-0.000000"/>
                <texcoord u="0.691930" v="0.500000"/>
            </vertex>
            <vertex>
                <position x="0.897313" y="0.328276" z="-0.023408"/>
                <normal x="-0.934172" y="-0.356823" z="-0.000000"/>
                <texcoord u="0.691930" v="0.500000"/>
            </vertex>
            <vertex>
                <position x="0.554570" y="0.569037" z="0.531162"/>
                <normal x="-0.577350" y="-0.577350" z="-0.577350"/>
                <texcoord u="0.625000" v="0.695913"/>
            </vertex>
            <vertex>
                <position x="0.569037" y="0.531162" z="0.554570"/>
                <normal x="-0.577350" y="-0.577350" z="-0.577350"/>
                <texcoord u="0.625000" v="0.695913"/>
            </vertex>
            <vertex>
                <position x="0.531162" y="0.554570" z="0.569037"/>
                <normal x="-0.577350" y="-0.577350" z="-0.577350"/>
                <texcoord u="0.625000" v="0.695913"/>
            </vertex>
            <vertex>
                <position x="-0.554570" y="-0.569037" z="0.531162"/>
                <normal x="0.577350" y="0.577350" z="-0.577350"/>
                <texcoord u="1.125000" v="0.695913"/>
            </vertex>
            <vertex>
                <position x="-0.569037" y="-0.531162" z="0.554570"/>
                <normal x="0.577350" y="0.577350" z="-0.577350"/>
                <texcoord u="0.125000" v="0.695913"/>
            </vertex>
            <vertex>
                <position x="-0.531162" y="-0.554570" z="0.569037"/>
                <normal x="0.577350" y="0.577350" z="-0.577350"/>
                <texcoord u="1.125000" v="0.695913"/>
            </vertex>
            <vertex>
                <position x="-0.366151" y="0.000000" z="0.882846"/>
                <normal x="0.356823" y="-0.000000" z="-0.934172"/>
                <texcoord u="0.250000" v="0.883860"/>
            </vertex>
            <vertex>
                <position x="-0.328276" y="0.023408" z="0.897313"/>
                <normal x="0.356823" y="-0.000000" z="-0.934172"/>
                <texcoord u="0.250000" v="0.883860"/>
            </vertex>
            <vertex>
                <position x="-0.328276" y="-0.023408" z="0.897313"/>
                <normal x="0.356823" y="-0.000000" z="-0.934172"/>
                <texcoord u="1.250000" v="0.883860"/>
            </vertex>
            <vertex>
                <position x="0.366151" y="0.000000" z="0.882846"/>
                <normal x="-0.356823" y="0.000000" z="-0.934172"/>
                <texcoord u="0.750000" v="0.883860"/>
            </vertex>
            <vertex>
                <position x="0.328276" y="-0.023408" z="0.897313"/>
                <normal x="-0.356823" y="0.000000" z="-0.934172"/>
                <texcoord u="0.750000" v="0.883860"/>
            </vertex>
            <vertex>
                <position x="0.328276" y="0.023408" z="0.897313"/>
                <normal x="-0.356823" y="0.000000" z="-0.934172"/>
                <texcoord u="0.750000" v="0.883860"/>
            </vertex>

                </vertexbuffer>
            </geometry>
        </submesh>
    </submeshes>
    <submeshnames>
        <submeshname name="submesh0" index="0"/>
    </submeshnames>
</mesh>