<mesh>
    <submeshes>
        <submesh material="dyson-sphere-full" usesharedvertices="false" use32bitindexes="false" operationtype="triangle_list">
            <faces count="60">
                <face v1="0" v2="1" v3="2"/>
                <face v1="1" v2="3" v3="2"/>
                <face v1="3" v2="4" v3="2"/>
                <face v1="4" v2="5" v3="2"/>
                <face v1="5" v2="0" v3="2"/>
                <face v1="6" v2="7" v3="8"/>
                <face v1="7" v2="3" v3="8"/>
                <face v1="3" v2="1" v3="8"/>
                <face v1="1" v2="9" v3="8"/>
                <face v1="9" v2="6" v3="8"/>
                <face v1="10" v2="9" v3="11"/>
                <face v1="9" v2="1" v3="11"/>
                <face v1="1" v2="12" v3="11"/>
                <face v1="12" v2="13" v3="11"/>
                <face v1="13" v2="10" v3="11"/>
                <face v1="14" v2="15" v3="16"/>
                <face v1="15" v2="13" v3="16"/>
                <face v1="13" v2="12" v3="16"/>
                <face v1="12" v2="17" v3="16"/>
                <face v1="17" v2="14" v3="16"/>
                <face v1="18" v2="19" v3="20"/>
                <face v1="19" v2="21" v3="20"/>
                <face v1="21" v2="22" v3="20"/>
                <face v1="22" v2="23" v3="20"/>
                <face v1="23" v2="18" v3="20"/>
                <face v1="24" v2="18" v3="25"/>
                <face v1="18" v2="26" v3="25"/>
                <face v1="26" v2="27" v3="25"/>
                <face v1="27" v2="28" v3="25"/>
                <face v1="28" v2="24" v3="25"/>
                <face v1="23" v2="22" v3="29"/>
                <face v1="22" v2="4" v3="29"/>
                <face v1="4" v2="3" v3="29"/>
                <face v1="3" v2="7" v3="29"/>
                <face v1="7" v2="23" v3="29"/>
                <face v1="22" v2="21" v3="30"/>
                <face v1="31" v2="14" v3="32"/>
                <face v1="14" v2="17" v3="32"/>
                <face v1="5" v2="4" v3="30"/>
                <face v1="4" v2="22" v3="30"/>
                <face v1="24" v2="28" v3="33"/>
                <face v1="28" v2="15" v3="33"/>
                <face v1="15" v2="14" v3="33"/>
                <face v1="14" v2="31" v3="33"/>
                <face v1="31" v2="24" v3="33"/>
                <face v1="28" v2="27" v3="34"/>
                <face v1="27" v2="10" v3="34"/>
                <face v1="10" v2="13" v3="34"/>
                <face v1="13" v2="15" v3="34"/>
                <face v1="15" v2="28" v3="34"/>
                <face v1="18" v2="23" v3="35"/>
                <face v1="23" v2="7" v3="35"/>
                <face v1="7" v2="6" v3="35"/>
                <face v1="6" v2="26" v3="35"/>
                <face v1="26" v2="18" v3="35"/>
                <face v1="27" v2="26" v3="36"/>
                <face v1="26" v2="6" v3="36"/>
                <face v1="6" v2="9" v3="36"/>
                <face v1="9" v2="10" v3="36"/>
                <face v1="10" v2="27" v3="36"/>
            </faces>

            <geometry vertexcount="37">
                <vertexbuffer positions="true" normals="true" texture_coord_dimensions_0="float2" tangents="false" binormals="false" texture_coords="1">
            <vertex>
                <position x="-0.356822" y="0.934172" z="0.000000"/>
                <normal x="-0.356792" y="0.934172" z="0.000000"/>
                <texcoord u="1.250000" v="0.116140"/>
            </vertex>
            <vertex>
                <position x="0.356822" y="0.934172" z="0.000000"/>
                <normal x="0.356792" y="0.934172" z="0.000000"/>
                <texcoord u="0.750000" v="0.116140"/>
            </vertex>
            <vertex>
                <position x="0.000000" y="0.675973" z="-0.417775"/>
                <normal x="0.000000" y="0.850642" z="-0.525712"/>
                <texcoord u="1.000000" v="0.176208"/>
            </vertex>
            <vertex>
                <position x="0.577350" y="0.577350" z="-0.577350"/>
                <normal x="0.577349" y="0.577349" z="-0.577349"/>
                <texcoord u="0.875000" v="0.304087"/>
            </vertex>
            <vertex>
                <position x="0.000000" y="0.356822" z="-0.934172"/>
                <normal x="0.000000" y="0.356792" z="-0.934172"/>
                <texcoord u="1.000000" v="0.383860"/>
            </vertex>
            <vertex>
                <position x="-0.577350" y="0.577350" z="-0.577350"/>
                <normal x="-0.577349" y="0.577349" z="-0.577349"/>
                <texcoord u="1.125000" v="0.304087"/>
            </vertex>
            <vertex>
                <position x="0.934172" y="0.000000" z="0.356822"/>
                <normal x="0.934172" y="0.000000" z="0.356792"/>
                <texcoord u="0.691930" v="0.500000"/>
            </vertex>
            <vertex>
                <position x="0.934172" y="0.000000" z="-0.356822"/>
                <normal x="0.934172" y="0.000000" z="-0.356792"/>
                <texcoord u="0.808070" v="0.500000"/>
            </vertex>
            <vertex>
                <position x="0.675973" y="0.417775" z="0.000000"/>
                <normal x="0.850642" y="0.525712" z="0.000000"/>
                <texcoord u="0.750000" v="0.323792"/>
            </vertex>
            <vertex>
                <position x="0.577350" y="0.577350" z="0.577350"/>
                <normal x="0.577349" y="0.577349" z="0.577349"/>
                <texcoord u="0.625000" v="0.304087"/>
            </vertex>
            <vertex>
                <position x="0.000000" y="0.356822" z="0.934172"/>
                <normal x="0.000000" y="0.356792" z="0.934172"/>
                <texcoord u="0.500000" v="0.383860"/>
            </vertex>
            <vertex>
                <position x="0.000000" y="0.675974" z="0.417775"/>
                <normal x="0.000000" y="0.850642" z="0.525712"/>
                <texcoord u="0.500000" v="0.176208"/>
            </vertex>
            <vertex>
                <position x="-0.356822" y="0.934172" z="0.000000"/>
                <normal x="-0.356792" y="0.934172" z="0.000000"/>
                <texcoord u="0.250000" v="0.116140"/>
            </vertex>
            <vertex>
                <position x="-0.577350" y="0.577350" z="0.577350"/>
                <normal x="-0.577349" y="0.577349" z="0.577349"/>
                <texcoord u="0.375000" v="0.304087"/>
            </vertex>
            <vertex>
                <position x="-0.934172" y="0.000000" z="-0.356822"/>
                <normal x="-0.934172" y="0.000000" z="-0.356792"/>
                <texcoord u="0.191930" v="0.500000"/>
            </vertex>
            <vertex>
                <position x="-0.934172" y="0.000000" z="0.356822"/>
                <normal x="-0.934172" y="0.000000" z="0.356792"/>
                <texcoord u="0.308070" v="0.500000"/>
            </vertex>
            <vertex>
                <position x="-0.675973" y="0.417775" z="0.000000"/>
                <normal x="-0.850642" y="0.525712" z="0.000000"/>
                <texcoord u="0.250000" v="0.323792"/>
            </vertex>
            <vertex>
                <position x="-0.577350" y="0.577350" z="-0.577350"/>
                <normal x="-0.577349" y="0.577349" z="-0.577349"/>
                <texcoord u="0.125000" v="0.304087"/>
            </vertex>
            <vertex>
                <position x="0.356822" y="-0.934172" z="0.000000"/>
                <normal x="0.356792" y="-0.934172" z="0.000000"/>
                <texcoord u="0.750000" v="0.883860"/>
            </vertex>
            <vertex>
                <position x="-0.356822" y="-0.934172" z="0.000000"/>
                <normal x="-0.356792" y="-0.934172" z="0.000000"/>
                <texcoord u="1.250000" v="0.883860"/>
            </vertex>
            <vertex>
                <position x="0.000000" y="-0.675973" z="-0.417775"/>
                <normal x="0.000000" y="-0.850642" z="-0.525712"/>
                <texcoord u="1.000000" v="0.823792"/>
            </vertex>
            <vertex>
                <position x="-0.577350" y="-0.577350" z="-0.577350"/>
                <normal x="-0.577349" y="-0.577349" z="-0.577349"/>
                <texcoord u="1.125000" v="0.695913"/>
            </vertex>
            <vertex>
                <position x="0.000000" y="-0.356822" z="-0.934172"/>
                <normal x="0.000000" y="-0.356792" z="-0.934172"/>
                <texcoord u="1.000000" v="0.616140"/>
            </vertex>
            <vertex>
                <position x="0.577350" y="-0.577350" z="-0.577350"/>
                <normal x="0.577349" y="-0.577349" z="-0.577349"/>
                <texcoord u="0.875000" v="0.695913"/>
            </vertex>
            <vertex>
                <position x="-0.356822" y="-0.934172" z="0.000000"/>
                <normal x="-0.356792" y="-0.934172" z="0.000000"/>
                <texcoord u="0.250000" v="0.883860"/>
            </vertex>
            <vertex>
                <position x="0.000000" y="-0.675973" z="0.417775"/>
                <normal x="0.000000" y="-0.850642" z="0.525712"/>
                <texcoord u="0.500000" v="0.823792"/>
            </vertex>
            <vertex>
                <position x="0.577350" y="-0.577350" z="0.577350"/>
                <normal x="0.577349" y="-0.577349" z="0.577349"/>
                <texcoord u="0.625000" v="0.695913"/>
            </vertex>
            <vertex>
                <position x="0.000000" y="-0.356822" z="0.934172"/>
                <normal x="0.000000" y="-0.356792" z="0.934172"/>
                <texcoord u="0.500000" v="0.616140"/>
            </vertex>
            <vertex>
                <position x="-0.577350" y="-0.577350" z="0.577350"/>
                <normal x="-0.577349" y="-0.577349" z="0.577349"/>
                <texcoord u="0.375000" v="0.695913"/>
            </vertex>
            <vertex>
                <position x="0.417775" y="0.000000" z="-0.675973"/>
                <normal x="0.525712" y="0.000000" z="-0.850642"/>
                <texcoord u="0.911896" v="0.500000"/>
            </vertex>
            <vertex>
                <position x="-0.417775" y="-0.000000" z="-0.675973"/>
                <normal x="-0.525712" y="0.000000" z="-0.850642"/>
                <texcoord u="1.088104" v="0.500000"/>
            </vertex>
            <vertex>
                <position x="-0.577350" y="-0.577350" z="-0.577350"/>
                <normal x="-0.577349" y="-0.577349" z="-0.577349"/>
                <texcoord u="0.125000" v="0.695913"/>
            </vertex>
            <vertex>
                <position x="-0.417775" y="-0.000000" z="-0.675973"/>
                <normal x="-0.525712" y="0.000000" z="-0.850642"/>
                <texcoord u="0.088104" v="0.500000"/>
            </vertex>
            <vertex>
                <position x="-0.675974" y="-0.417775" z="0.000000"/>
                <normal x="-0.850642" y="-0.525712" z="0.000000"/>
                <texcoord u="0.250000" v="0.676208"/>
            </vertex>
            <vertex>
                <position x="-0.417775" y="0.000000" z="0.675973"/>
                <normal x="-0.525712" y="0.000000" z="0.850642"/>
                <texcoord u="0.411896" v="0.500000"/>
            </vertex>
            <vertex>
                <position x="0.675974" y="-0.417775" z="0.000000"/>
                <normal x="0.850642" y="-0.525712" z="0.000000"/>
                <texcoord u="0.750000" v="0.676208"/>
            </vertex>
            <vertex>
                <position x="0.417775" y="-0.000000" z="0.675973"/>
                <normal x="0.525712" y="0.000000" z="0.850642"/>
                <texcoord u="0.588104" v="0.500000"/>
            </vertex>

                </vertexbuffer>
            </geometry>
        </submesh>
    </submeshes>
    <submeshnames>
        <submeshname name="submesh0" index="0"/>
    </submeshnames>
</mesh>